eeg,time
-0.14634473006882961,0.0
1.404039902401633,0.004001600640256103
1.0054382069716086,0.008003201280512205
1.4365456654763331,0.012004801920768308
0.8881371551104843,0.01600640256102441
1.2666626257381544,0.020008003201280513
1.3249712372858913,0.024009603841536616
-0.33545612675970793,0.028011204481792718
1.2059395273057971,0.03201280512204882
-1.0025921949867729,0.03601440576230493
-0.39032189386911986,0.040016006402561026
-0.6300691303585013,0.044017607042817125
-0.22338349820982473,0.04801920768307323
0.714871681247472,0.05202080832332934
0.4341166328147795,0.056022408963585436
1.064627521500734,0.060024009603841535
0.05697493421419844,0.06402561024409764
0.12600074902174485,0.06802721088435375
-0.6328093507038283,0.07202881152460985
-0.8435598038288665,0.07603041216486595
-1.5623231376538191,0.08003201280512205
-1.0769481634455462,0.08403361344537816
-2.0213573288068534,0.08803521408563425
-0.16908435283583279,0.09203681472589036
-0.3261063641432673,0.09603841536614646
-0.5500810596721041,0.10004001600640257
-0.5103404801758085,0.10404161664665867
1.5345514311948787,0.10804321728691477
1.5517999362273995,0.11204481792717087
1.8755932631386225,0.11604641856742698
1.631396590096773,0.12004801920768307
1.6780707678795057,0.12404961984793918
0.9217792396365937,0.12805122048819528
-0.02737176548461065,0.13205282112845138
-0.3929965473724742,0.1360544217687075
-0.5270659052685116,0.1400560224089636
0.4983648627264369,0.1440576230492197
-0.020268757700677542,0.1480592236894758
-0.21195961067697183,0.1520608243297319
0.5957434439944278,0.156062424969988
0.3719787716267082,0.1600640256102441
0.23884811636430286,0.1640656262505002
-0.4559620053536614,0.16806722689075632
-0.8662612100380334,0.1720688275310124
-1.094654404412179,0.1760704281712685
-1.9891569675056036,0.18007202881152462
-1.9893173386228877,0.1840736294517807
-2.025290463382713,0.18807523009203683
-1.2788274883850774,0.19207683073229292
-1.0061291413150568,0.19607843137254902
-0.24478737794127378,0.20008003201280514
0.5055464961829996,0.20408163265306123
0.8433970597097805,0.20808323329331735
1.374935197934449,0.21208483393357344
2.241040245590882,0.21608643457382953
1.2192149350890213,0.22008803521408565
0.31529333022438666,0.22408963585434175
0.49182005086380276,0.22809123649459784
1.0860925599394013,0.23209283713485396
0.2568211963067422,0.23609443777511005
-0.33740702453656435,0.24009603841536614
-0.3389615841813373,0.24409763905562226
-0.5514573335346606,0.24809923969587835
-0.6368227083798476,0.25210084033613445
0.9439834699252243,0.25610244097639057
0.5123611637495873,0.2601040416166467
-0.5764889623924532,0.26410564225690275
-0.5504598563132754,0.26810724289715887
-0.4113334034701316,0.272108843537415
-1.0661109508104971,0.27611044417767105
-2.4496345389290646,0.2801120448179272
-1.6596203192937993,0.2841136454581833
-1.9814456812875378,0.2881152460984394
-0.7325285048167404,0.2921168467386955
-0.7404140115243624,0.2961184473789516
-0.18038624920989918,0.3001200480192077
1.088886132998613,0.3041216486594638
2.6462096419999157,0.3081232492997199
1.4201674121645311,0.312124849939976
1.8585163640127382,0.3161264505802321
2.2683236552824257,0.3201280512204882
1.1856074846250986,0.32412965186074433
0.8483307756315998,0.3281312525010004
0.5281132070270361,0.3321328531412565
0.5151393239216479,0.33613445378151263
-0.7605198292390563,0.3401360544217687
-0.008935692055404953,0.3441376550620248
0.2567506149264285,0.34813925570228094
0.40928750221548676,0.352140856342537
0.6499458500989759,0.3561424569827931
1.2751930051550233,0.36014405762304924
0.23417918720957315,0.36414565826330536
-0.6172495646211732,0.3681472589035614
-0.25943740993420494,0.37214885954381755
-1.996658945386247,0.37615046018407367
-1.8316724343158777,0.38015206082432973
-1.8794686440349657,0.38415366146458585
-1.9207638755688792,0.38815526210484197
-0.9138129699554094,0.39215686274509803
-0.4716063638666978,0.39615846338535415
-0.6840034973686459,0.4001600640256103
0.36431804621609876,0.40416166466586634
1.8235492287198287,0.40816326530612246
1.1619648988665046,0.4121648659463786
2.0882915305071053,0.4161664665866347
1.6462019662718939,0.42016806722689076
1.2252195476032819,0.4241696678671469
0.39496359176997875,0.428171268507403
0.7439033380012149,0.43217286914765907
-0.40081975427368455,0.4361744697879152
-0.4369177962540613,0.4401760704281713
-0.7134985100256284,0.44417767106842737
0.42155267257921875,0.4481792717086835
0.16082642262458757,0.4521808723489396
0.28828422694207156,0.4561824729891957
0.503590272118072,0.4601840736294518
1.0920663025866344,0.4641856742697079
-0.7367520674292313,0.468187274909964
-0.9484409324494714,0.4721888755502201
-1.7985227619326594,0.4761904761904762
-2.4206857280707657,0.4801920768307323
-1.7016914735832096,0.4841936774709884
-0.834081479273974,0.4881952781112445
-0.7808409517948036,0.49219687875150064
-0.8931407562793238,0.4961984793917567
-0.9842616381211968,0.5002000800320128
0.5978874741049793,0.5042016806722689
2.3394699994035,0.508203281312525
1.412757137530129,0.5122048819527811
1.4689466378305869,0.5162064825930373
1.93262743964898,0.5202080832332934
1.376462698047275,0.5242096838735495
0.43224561976052894,0.5282112845138055
0.31569816297449743,0.5322128851540616
-0.23981120587521068,0.5362144857943177
0.287016062385822,0.5402160864345739
-0.22963733604854958,0.54421768707483
-0.039020366910060375,0.5482192877150861
-0.6017470488606669,0.5522208883553421
-0.19562705255408497,0.5562224889955982
-0.21038195961231387,0.5602240896358543
-0.8733364288353889,0.5642256902761105
-0.0949734146872593,0.5682272909163666
-0.018090657901487117,0.5722288915566227
-0.9859043332437135,0.5762304921968788
-2.3193476908791903,0.5802320928371348
-1.1015443576493023,0.584233693477391
-1.8768896007911773,0.5882352941176471
-1.0539554046984665,0.5922368947579032
-1.0581375588704982,0.5962384953981593
-0.30258620334180597,0.6002400960384154
0.9739187696999989,0.6042416966786714
2.130152876357248,0.6082432973189276
1.198536559746899,0.6122448979591837
1.77407530444981,0.6162464985994398
0.3827081163508397,0.6202480992396959
1.2297520825611934,0.624249699879952
0.2125546080004394,0.6282513005202081
-1.1260641376132448,0.6322529011604642
0.30149288875019187,0.6362545018007203
-0.518911477645853,0.6402561024409764
-0.20740004420972596,0.6442577030812325
-0.7191831001578262,0.6482593037214887
-0.8972565210631236,0.6522609043617448
-0.1895003211176557,0.6562625050020008
-0.42111408550538876,0.6602641056422569
0.5890578240821431,0.664265706282513
-0.009647321142802201,0.6682673069227691
-0.6745146224480321,0.6722689075630253
-0.7112610876121603,0.6762705082032814
-2.159420425218312,0.6802721088435374
-1.7229530037581193,0.6842737094837935
-1.3516208481404757,0.6882753101240496
-2.1370589216158242,0.6922769107643058
-0.9552758394448972,0.6962785114045619
-0.5936206264988028,0.700280112044818
0.09673369853049929,0.704281712685074
1.01360450795149,0.7082833133253301
2.517326050914705,0.7122849139655862
1.2472421181085251,0.7162865146058424
1.0062915708806144,0.7202881152460985
0.4812325501212572,0.7242897158863546
-0.015003540873806398,0.7282913165266107
0.6972113538875279,0.7322929171668667
-0.522654583297983,0.7362945178071229
-0.6418117085669346,0.740296118447379
-0.3980754231082947,0.7442977190876351
-0.17118972285848044,0.7482993197278912
0.18896131139628297,0.7523009203681473
-0.35393122468069216,0.7563025210084033
0.3666543466845092,0.7603041216486595
-0.1859709136705408,0.7643057222889156
0.41694509743248276,0.7683073229291717
-1.307131173294247,0.7723089235694278
-1.798641557574572,0.7763105242096839
-1.192324187928631,0.7803121248499401
-1.73557459912467,0.7843137254901961
-2.835945127506121,0.7883153261304522
-1.6291669394781207,0.7923169267707083
-0.2358678692797303,0.7963185274109644
-0.293772680274729,0.8003201280512205
0.8149778117210467,0.8043217286914767
1.0317215064923075,0.8083233293317327
1.6008181861042177,0.8123249299719888
1.047030239203679,0.8163265306122449
1.3275477488045673,0.820328131252501
1.1562876704359704,0.8243297318927572
0.9201076513310094,0.8283313325330133
0.505645070971286,0.8323329331732694
0.36748913752298573,0.8363345338135254
-0.6789041989527721,0.8403361344537815
0.19996636391596417,0.8443377350940376
0.573408074253578,0.8483393357342938
-0.012552707805755431,0.8523409363745499
0.47557540852643554,0.856342537014806
-0.3061618022521899,0.860344137655062
1.4493074152749141,0.8643457382953181
-0.11591470134694856,0.8683473389355743
-0.136568494001308,0.8723489395758304
-2.340745845271006,0.8763505402160865
-2.3467781774745227,0.8803521408563426
-1.949786472288546,0.8843537414965986
-2.520680926186526,0.8883553421368547
-1.0194179932167104,0.8923569427771109
-0.765538706521943,0.896358543417367
-0.06346752701146668,0.9003601440576231
0.21084731825330927,0.9043617446978792
1.094941643415675,0.9083633453381353
2.2787466644868855,0.9123649459783914
2.043666251624793,0.9163665466186475
1.2078735605580881,0.9203681472589036
1.5514632234769916,0.9243697478991597
-0.23809658524519062,0.9283713485394158
0.5984239023872323,0.932372949179672
-0.22005344092091328,0.936374549819928
-0.56978553869273,0.9403761504601841
0.15798853550700798,0.9443777511004402
0.46710287335044565,0.9483793517406963
-0.0031529883597512798,0.9523809523809524
-0.1927853221863584,0.9563825530212086
-0.0664369031183511,0.9603841536614646
0.5771052456681409,0.9643857543017207
-0.5789477427732572,0.9683873549419768
-1.2720728949912177,0.9723889555822329
-1.5885582675900989,0.976390556222489
-1.0446694796290248,0.9803921568627452
-0.7982464966435189,0.9843937575030013
-1.5947484357932593,0.9883953581432573
-1.179585238373914,0.9923969587835134
-0.8613792645143681,0.9963985594237695
-0.1771982658046745,1.0004001600640255
0.6306393773507749,1.0044017607042817
1.1906069596446547,1.0084033613445378
0.6204696671916548,1.012404961984794
1.710918479687018,1.01640656262505
1.975013838692229,1.0204081632653061
1.259660266981186,1.0244097639055623
0.9797163754427316,1.0284113645458184
0.3216118465970577,1.0324129651860745
-0.31360344179922384,1.0364145658263306
-0.7464490606518102,1.0404161664665867
-0.27520913678255715,1.0444177671068429
0.030821361980636675,1.048419367747099
-0.5839094221169145,1.0524209683873549
0.2135584100528704,1.056422569027611
-0.31708651889634953,1.0604241696678671
-0.06262809723004245,1.0644257703081232
-0.28910633825107385,1.0684273709483794
-0.5299926109430142,1.0724289715886355
-1.2662144011211365,1.0764305722288916
-1.4472761466661568,1.0804321728691477
-1.6338920551383151,1.0844337735094038
-1.5154977698829994,1.08843537414966
-1.1727465537321669,1.092436974789916
-0.9741241539347494,1.0964385754301722
-0.24444009127796873,1.1004401760704283
1.0490013920766255,1.1044417767106842
1.5895845798127426,1.1084433773509403
1.6480252254630205,1.1124449779911965
1.9167320651561253,1.1164465786314526
1.3813937078863079,1.1204481792717087
0.2590118701388151,1.1244497799119648
0.7442241403810164,1.128451380552221
0.19639963044909564,1.132452981192477
-0.40129985211039376,1.1364545818327332
-1.2739693990265668,1.1404561824729893
-0.0288476963067113,1.1444577831132454
1.045288540827981,1.1484593837535015
-0.12953840441995573,1.1524609843937577
0.5013563939968732,1.1564625850340136
-0.8212582438178779,1.1604641856742697
-0.4193748230653461,1.1644657863145258
-0.699890970746879,1.168467386954782
-0.1316275970523394,1.172468987595038
-1.8650620067324761,1.1764705882352942
-1.394871093663344,1.1804721888755503
-1.2742311289069166,1.1844737895158064
-1.8300983948672096,1.1884753901560625
-0.353794959844687,1.1924769907963186
0.08031894166682296,1.1964785914365748
-0.20848669029309946,1.2004801920768309
0.11710989339208677,1.2044817927170868
1.709103919045968,1.208483393357343
1.5772811351625895,1.212484993997599
1.9360210427382114,1.2164865946378551
0.6697828851115903,1.2204881952781113
0.49007966879655496,1.2244897959183674
0.9906543274702124,1.2284913965586235
0.3855318847466143,1.2324929971988796
-0.07873160061727275,1.2364945978391357
-0.7289827794597726,1.2404961984793919
0.31521878944066534,1.244497799119648
0.6767642845728039,1.248499399759904
0.19406190642558085,1.2525010004001602
-0.7125009045477069,1.2565026010404161
1.2353106176282505,1.2605042016806722
-0.2351482915180223,1.2645058023209284
-0.5903939305101782,1.2685074029611845
0.08193484655499517,1.2725090036014406
-0.7859680441018926,1.2765106042416967
-1.7658386408292706,1.2805122048819528
-2.0690338647556312,1.284513805522209
-1.8606270218836798,1.288515406162465
-1.4557286639460174,1.2925170068027212
-1.0005647196179361,1.2965186074429773
-0.2433461002185623,1.3005202080832334
1.305734502033824,1.3045218087234896
1.897385117674884,1.3085234093637454
1.076604746585668,1.3125250100040016
1.6874487374487739,1.3165266106442577
1.3735729428453733,1.3205282112845138
1.3813825107051705,1.32452981192477
0.0499602716084403,1.328531412565026
-0.6172862728785814,1.3325330132052822
-0.43612900818512146,1.3365346138455383
-0.9577050271736968,1.3405362144857944
0.1033643782882776,1.3445378151260505
0.4446402830332183,1.3485394157663066
0.2261031583481626,1.3525410164065628
0.056209438824246005,1.3565426170468189
0.26136721007008606,1.3605442176870748
1.1491934380881936,1.364545818327331
0.42029732316432666,1.368547418967587
-1.296804024787615,1.3725490196078431
0.009484185914854448,1.3765506202480993
-0.11379292809556674,1.3805522208883554
-2.710976837167488,1.3845538215286115
-1.4464939043592335,1.3885554221688676
-1.3496961659675164,1.3925570228091237
-0.2826171715474304,1.3965586234493799
0.2859476425821815,1.400560224089636
0.7007262375618503,1.404561824729892
0.4659628054149588,1.408563425370148
2.0160790292839925,1.4125650260104041
2.3997792014157566,1.4165666266506602
1.5033968190062292,1.4205682272909164
1.2332974671867305,1.4245698279311725
1.1233137938940103,1.4285714285714286
0.045771618814110154,1.4325730292116847
0.5104220907253132,1.4365746298519408
-0.33870651810314906,1.440576230492197
0.1592376763279698,1.444577831132453
-0.02770329291358207,1.4485794317727092
-1.4500169540425776,1.4525810324129653
-0.10624731852473823,1.4565826330532214
1.109658026600505,1.4605842336934773
1.097226196451193,1.4645858343337335
0.3210822429689667,1.4685874349739896
-0.7523362832551258,1.4725890356142457
-1.7124567810581723,1.4765906362545018
-1.6618808578480033,1.480592236894758
-1.497901328102431,1.484593837535014
-1.3158555942838173,1.4885954381752702
-1.5386300655638605,1.4925970388155263
0.33385427496673215,1.4965986394557824
0.45118934163581215,1.5006002400960385
0.012447340537705576,1.5046018407362947
1.7924791322791498,1.5086034413765508
1.9783355840857761,1.5126050420168067
2.3371390073834535,1.5166066426570628
1.4990023683437246,1.520608243297319
1.2905280851205676,1.524609843937575
0.883181547780894,1.5286114445778312
-0.34207107072037424,1.5326130452180873
-0.6883018559618588,1.5366146458583434
0.7865167071015794,1.5406162464985995
-1.043317194501106,1.5446178471388556
0.10189948909553434,1.5486194477791118
0.4095587587770667,1.5526210484193679
-0.18977308878454702,1.556622649059624
0.1726886305811296,1.5606242496998801
-0.5241446224324622,1.564625850340136
-0.42293643581239504,1.5686274509803921
-0.6567504775958086,1.5726290516206483
-1.1915463641086987,1.5766306522609044
-2.0408190606853687,1.5806322529011605
-0.6745120656576202,1.5846338535414166
-1.8543165421935237,1.5886354541816727
-1.5916375247968477,1.5926370548219289
-0.4456748327347969,1.596638655462185
-0.12771877736377385,1.600640256102441
1.4257084016581314,1.6046418567426972
1.2743767967945916,1.6086434573829533
1.5537118040373472,1.6126450580232095
2.022089175445643,1.6166466586634654
1.9927513326718147,1.6206482593037215
1.079174459767741,1.6246498599439776
0.7063182305803126,1.6286514605842337
-0.09382257416891954,1.6326530612244898
-0.16069553562445174,1.636654661864746
0.25708734455859095,1.640656262505002
-0.32141393568459226,1.6446578631452582
0.16573500025578264,1.6486594637855143
0.6155985353335892,1.6526610644257704
-0.3736981132097211,1.6566626650660266
0.7598156385677994,1.6606642657062827
0.43457156974926414,1.6646658663465388
0.12883546540573337,1.6686674669867947
0.18024890242672553,1.6726690676270508
-0.3406455092993689,1.676670668267307
-1.610259037818668,1.680672268907563
-1.479652483282392,1.6846738695478192
-1.7422945182298983,1.6886754701880753
-1.1060927437544987,1.6926770708283314
0.552030642138029,1.6966786714685875
0.1464059406042197,1.7006802721088436
0.15132425765712376,1.7046818727490998
1.0901160952029627,1.708683473389356
1.8955535800222418,1.712685074029612
1.6462344930720674,1.716686674669868
0.7382477018141274,1.720688275310124
0.21948150385987308,1.7246898759503801
0.7934398382383742,1.7286914765906363
-0.3722336911572121,1.7326930772308924
0.30570086480586156,1.7366946778711485
-0.16967172137275452,1.7406962785114046
-0.5027117886082527,1.7446978791516607
-0.1607530710045807,1.7486994797919169
0.4541026839943676,1.752701080432173
0.8120115812615156,1.756702681072429
-1.3112253756666554,1.7607042817126852
-0.0816514718520486,1.7647058823529413
-0.7054016135484329,1.7687074829931972
-0.5265948126447954,1.7727090836334534
-2.087051858935001,1.7767106842737095
-1.4920594168500054,1.7807122849139656
-1.6754636842165935,1.7847138855542217
-1.1354804372404146,1.7887154861944778
-0.46287529075926603,1.792717086834734
-0.8333406377224487,1.79671868747499
0.11466655002282623,1.8007202881152462
0.7395960657922669,1.8047218887555023
1.6129562152669186,1.8087234893957584
1.2463408620029093,1.8127250900360146
1.6973060754441056,1.8167266906762707
1.905824245377982,1.8207282913165266
1.102508664864577,1.8247298919567827
0.2897794491666418,1.8287314925970388
0.5337246669778063,1.832733093237295
-0.7718722951924276,1.836734693877551
-0.8471065080409694,1.8407362945178072
0.5082151217900763,1.8447378951580633
0.09105240127635655,1.8487394957983194
0.4842318943747343,1.8527410964385755
0.8659759562231126,1.8567426970788317
-0.06565393814566045,1.8607442977190878
0.35680447045410335,1.864745898359344
0.13898698702793444,1.8687474989996
0.06606086962694635,1.872749099639856
-1.721368636197601,1.876750700280112
-2.0713594077224067,1.8807523009203682
-1.6886716745354067,1.8847539015606243
-2.3119556363633684,1.8887555022008804
-0.5200500945137677,1.8927571028411365
-0.8965005651221243,1.8967587034813926
0.2712843386628523,1.9007603041216488
0.7257601637915992,1.9047619047619049
0.9057474218192918,1.908763505402161
1.6263970073812994,1.9127651060424171
1.7917188761690594,1.9167667066826732
1.8531619748562482,1.9207683073229291
1.137533805354195,1.9247699079631853
0.6714130911777477,1.9287715086034414
-0.22846072144079588,1.9327731092436975
0.07586905268023958,1.9367747098839536
-0.06572775426026262,1.9407763105242097
-0.5564164723891843,1.9447779111644659
-0.2716855322064514,1.948779511804722
0.6023266258264419,1.952781112444978
1.5220961824711576,1.9567827130852342
-0.15001967899083102,1.9607843137254903
0.13582681826203138,1.9647859143657465
-0.11834300605517205,1.9687875150060026
-0.5427238612760814,1.9727891156462585
-1.5249997838447265,1.9767907162865146
-1.9596398654160854,1.9807923169267707
-2.1074958504248804,1.9847939175670268
-2.21045602319486,1.988795518207283
-1.4950843218758956,1.992797118847539
-0.006137251337611782,1.9967987194877952
0.4930080998119615,2.000800320128051
0.6521660765051611,2.0048019207683074
0.9778976628662328,2.0088035214085633
1.9794820455649988,2.0128051220488197
1.5431512265229832,2.0168067226890756
0.9063926664488051,2.020808323329332
0.8484956039709046,2.024809923969588
1.384516960050509,2.028811524609844
0.701317859140676,2.0328131252501
-0.8584657487961953,2.0368147258903564
-1.2472050562805004,2.0408163265306123
-0.6463741424918257,2.0448179271708686
0.3102272152559653,2.0488195278111245
0.639824583575743,2.0528211284513804
0.31856832019021974,2.0568227290916368
0.18182427289306752,2.0608243297318927
0.5814487583868408,2.064825930372149
-0.31573852382527,2.068827531012405
-0.7935515435765925,2.0728291316526612
-0.8322020305406455,2.076830732292917
-1.4080125039831057,2.0808323329331735
-1.7430686301506908,2.0848339335734294
-1.647636865491924,2.0888355342136857
-1.192064470104951,2.0928371348539416
-0.9770934027788379,2.096838735494198
0.1481271840030034,2.100840336134454
0.22731737296981658,2.1048419367747098
1.1395746541640204,2.108843537414966
1.508399046592241,2.112845138055222
1.632195738171772,2.1168467386954783
1.5984548514023547,2.1208483393357342
1.6364543017042203,2.1248499399759906
0.5311006424013374,2.1288515406162465
-0.26227825795914445,2.132853141256503
-0.5418944779227286,2.1368547418967587
0.37802648430003405,2.140856342537015
-0.6777435457841667,2.144857943177271
-1.1482654613225804,2.1488595438175273
-0.2717389341142832,2.152861144457783
1.0085518660107642,2.156862745098039
-0.4857848334858089,2.1608643457382954
0.5385187453292088,2.1648659463785513
-0.3520580118915794,2.1688675470188077
-0.9092957204712661,2.1728691476590636
-1.148600401278058,2.17687074829932
-1.635206741498835,2.180872348939576
-2.1253633505974623,2.184873949579832
-1.4770527532648619,2.188875550220088
-0.9439712138168436,2.1928771508603444
-0.49616497478251775,2.1968787515006003
0.1839941321159032,2.2008803521408566
0.7219230717603685,2.2048819527811125
1.4128386447213446,2.2088835534213684
1.5668885424063916,2.212885154061625
2.1847100355555025,2.2168867547018807
1.5511863969063628,2.220888355342137
0.3517375281405636,2.224889955982393
1.333603268060548,2.2288915566226493
-0.5935799717593548,2.232893157262905
-0.5313531943185394,2.2368947579031615
-0.02728076928960932,2.2408963585434174
-0.053330480722085405,2.2448979591836737
-0.20175707412769145,2.2488995598239296
0.2195744886831519,2.252901160464186
-0.8180045079854081,2.256902761104442
0.12337499646636624,2.2609043617446978
0.7734709117147666,2.264905962384954
0.5135985546276995,2.26890756302521
-0.3519259840131459,2.2729091636654664
-1.190549169223195,2.2769107643057223
-1.914460430601521,2.2809123649459786
-2.2276491891370314,2.2849139655862345
-0.9727157417695513,2.288915566226491
-0.46596362222236165,2.2929171668667467
-0.47519448601266234,2.296918767507003
0.4748399454971896,2.300920368147259
1.191064425500077,2.3049219687875153
1.380697238548635,2.308923569427771
2.3817770934276226,2.312925170068027
1.862333155054976,2.3169267707082835
1.7647823944592322,2.3209283713485394
0.9273746868442225,2.3249299719887957
0.8018812182375488,2.3289315726290516
-0.8509501139719715,2.332933173269308
-0.5543958827899813,2.336934773909564
-0.1942149600414544,2.34093637454982
-0.3412852911276937,2.344937975190076
-0.3092191228688782,2.3489395758303324
0.3917728429260141,2.3529411764705883
0.32400336564969345,2.356942777110844
0.3190136459249131,2.3609443777511006
0.06517298505813025,2.3649459783913565
0.2725844558660271,2.368947579031613
-1.2846675216173904,2.3729491796718687
-1.9247611695398805,2.376950780312125
-1.5742756889388096,2.380952380952381
-1.4393557909126866,2.3849539815926373
-2.2121930092803512,2.388955582232893
-0.6845110611821202,2.3929571828731495
-2.091198993106205,2.3969587835134054
-0.20232165607298103,2.4009603841536618
0.751170422716552,2.4049619847939177
0.34845727586514363,2.4089635854341735
2.0150777869136105,2.41296518607443
1.4818366870614148,2.416966786714686
1.6044958198138315,2.420968387354942
1.520554060697821,2.424969987995198
1.3317313521121683,2.4289715886354544
-0.2699514755434765,2.4329731892757103
0.07238045876323979,2.4369747899159666
0.5364483873949272,2.4409763905562225
-0.4990140159830505,2.444977991196479
-0.49797469575071684,2.4489795918367347
0.5604793504692286,2.452981192476991
0.34497636013345523,2.456982793117247
0.23646167699705817,2.460984393757503
0.6418839855824942,2.4649859943977592
-0.2595501545748658,2.468987595038015
-0.9755888261332436,2.4729891956782715
-1.5709726613690003,2.4769907963185274
-1.8901606644148286,2.4809923969587837
-1.4044607280206698,2.4849939975990396
-1.1932473641547225,2.488995598239296
-1.07015656396996,2.492997198879552
-1.1685106558053344,2.496998799519808
0.4333940546476365,2.501000400160064
0.16928594721925094,2.5050020008003204
1.2365939110055224,2.5090036014405763
1.241761624937686,2.5130052020808322
1.715527046024577,2.5170068027210886
1.582287616982829,2.5210084033613445
0.4469809066811309,2.525010004001601
-0.01662087693908504,2.5290116046418567
-0.20699513004581102,2.533013205282113
-0.002203221388772103,2.537014805922369
-0.7563782674231088,2.5410164065626253
-0.443170893573676,2.545018007202881
-0.15322292437066623,2.5490196078431375
1.1520360378454382,2.5530212084833934
0.7546033297789655,2.5570228091236498
0.1147055741119912,2.5610244097639057
0.18003303720963326,2.5650260104041616
-1.370710438394876,2.569027611044418
-0.5774182155063426,2.573029211684674
-2.1648501517710534,2.57703081232493
-1.229126521398304,2.581032412965186
-1.6022874619498482,2.5850340136054424
-1.5987023489917669,2.5890356142456983
-1.2817022009504244,2.5930372148859546
-1.0925817590215314,2.5970388155262105
1.03845084236354,2.601040416166467
0.4610923042371881,2.6050420168067228
1.2697065460259147,2.609043617446979
1.1252680257940417,2.613045218087235
2.035158108511241,2.617046818727491
1.6461953146083383,2.6210484193677472
0.7867924002071006,2.625050020008003
0.7070820817725041,2.6290516206482595
0.3702411051604048,2.6330532212885154
-0.9279756722795623,2.6370548219287717
-0.10971302558651247,2.6410564225690276
-0.44424645320154654,2.645058023209284
-0.33356715086431954,2.64905962384954
0.496413538646493,2.653061224489796
0.8645071677436107,2.657062825130052
-0.08399894093997062,2.6610644257703084
0.38831548322326,2.6650660264105643
-0.6428500884177972,2.6690676270508202
-1.2539103382307797,2.6730692276910766
-1.7706404227857475,2.6770708283313325
-0.9458660363367539,2.681072428971589
-2.145112661575168,2.6850740296118447
-2.1341503132891986,2.689075630252101
-0.9887494062295122,2.693077230892357
-1.4949532663159708,2.6970788315326133
1.112660944929988,2.701080432172869
0.9695550644838181,2.7050820328131255
1.6836823254094289,2.7090836334533814
1.503241201677281,2.7130852340936378
1.9049162318761452,2.7170868347338937
2.104710281335334,2.7210884353741496
1.67861261157332,2.725090036014406
0.7898435124158352,2.729091636654662
0.9984018657501517,2.733093237294918
0.03939557271180627,2.737094837935174
0.11381292336361304,2.7410964385754304
-0.6182354457751416,2.7450980392156863
-0.32830516082871064,2.7490996398559426
0.12874369975605507,2.7531012404961985
0.6066335559668488,2.757102841136455
-0.3101989140583895,2.7611044417767108
-1.2045646984490466,2.765106042416967
-0.21677641079158586,2.769107643057223
-0.5078889636641338,2.773109243697479
-0.359400775528375,2.7771108443377353
-1.3007264464246244,2.781112444977991
-1.7010266188354781,2.7851140456182475
-1.9441305034464273,2.7891156462585034
-1.4396130045974345,2.7931172468987597
0.7131713074304865,2.7971188475390156
0.10842473649580403,2.801120448179272
0.8883404006300332,2.805122048819528
2.160405402288248,2.809123649459784
1.9723416895499493,2.81312525010004
2.250371223353856,2.817126850740296
0.6259937484181516,2.8211284513805523
1.6303882257995377,2.8251300520208082
-0.13170016780535937,2.8291316526610646
-0.388045362295271,2.8331332533013205
-1.0332971297130156,2.837134853941577
-0.4667204214483741,2.8411364545818327
-0.3017993973949233,2.845138055222089
-0.07672454883085426,2.849139655862345
-0.01781266762332176,2.8531412565026013
-0.5085729870795117,2.857142857142857
0.3445664013003425,2.8611444577831135
-0.5551478142531,2.8651460584233694
-0.7861830783744725,2.8691476590636253
-1.3106665874162648,2.8731492597038817
-1.4527004255199232,2.8771508603441376
-0.7565390803059463,2.881152460984394
-2.1180652391371098,2.88515406162465
-1.2344206532147977,2.889155662264906
-0.6213801742400968,2.893157262905162
-0.18085092882943388,2.8971588635454184
0.3243828055855779,2.9011604641856743
0.12350385654545026,2.9051620648259306
1.264162269052083,2.9091636654661865
1.6355982511547915,2.913165266106443
1.7333842468845786,2.917166866746699
0.823082588414956,2.9211684673869547
1.1452843837843603,2.925170068027211
0.5418715868654288,2.929171668667467
-0.24266291028142634,2.9331732693077233
-0.23125062789481876,2.937174869947979
0.49605728811897654,2.9411764705882355
0.5630992910996684,2.9451780712284914
0.4290335133199292,2.9491796718687477
0.4997492549026774,2.9531812725090036
0.6526096761806424,2.95718287314926
0.1757710532017785,2.961184473789516
-0.22907940269626043,2.9651860744297722
0.347740174424484,2.969187675070028
-0.820838385255728,2.973189275710284
-1.3932671503815275,2.9771908763505404
-1.649973528728099,2.9811924769907963
-1.6674528458046103,2.9851940776310526
-1.378189652774461,2.9891956782713085
-0.8382306392345718,2.993197278911565
-0.8299395622990501,2.9971988795518207
-0.42947887457652756,3.001200480192077
0.8525928547347275,3.005202080832333
2.0469708809658993,3.0092036814725893
1.4582811521229566,3.013205282112845
1.2749111190548,3.0172068827531016
1.668059552187899,3.0212084833933575
1.58583378451614,3.0252100840336134
-0.05734924112997819,3.0292116846738697
0.3166242998179306,3.0332132853141256
0.36120616546264983,3.037214885954382
-0.05629317798698902,3.041216486594638
-0.05287874339745949,3.045218087234894
-0.014687269523418402,3.04921968787515
0.41155766430209506,3.0532212885154064
0.11004246237056806,3.0572228891556623
0.49311946913652904,3.0612244897959187
0.7193559528905556,3.0652260904361746
-0.25103290410766516,3.069227691076431
-1.1530564737871811,3.073229291716687
-1.4960152557317066,3.0772308923569427
-2.0634150312518766,3.081232492997199
-1.7741739651895296,3.085234093637455
-1.6571315494091698,3.0892356942777113
-0.6205071380518228,3.093237294917967
-0.9974544913283261,3.0972388955582235
-0.16832650907679308,3.1012404961984794
1.1075881598635715,3.1052420968387358
1.13542085647642,3.1092436974789917
2.257236487293919,3.113245298119248
1.413873223590149,3.117246898759504
2.216772805013903,3.1212484993997602
1.310071060282811,3.125250100040016
0.1978871077131676,3.129251700680272
-0.022894610375692962,3.1332533013205284
0.31459269986456173,3.1372549019607843
-0.7628907998839272,3.1412565026010406
-0.4628809581281035,3.1452581032412965
-0.36318024002358995,3.149259703881553
-0.38444558574269594,3.1532613045218087
0.03549766450328129,3.157262905162065
-0.14837864092112546,3.161264505802321
0.34240267193149515,3.1652661064425773
-0.25916232531462385,3.1692677070828332
-0.45327432110561583,3.1732693077230896
-1.7229729285688695,3.1772709083633455
-1.6067349557047905,3.1812725090036014
-1.7633835388852683,3.1852741096438577
-1.9277178018607823,3.1892757102841136
-1.9700093703495174,3.19327731092437
-0.9376307963146324,3.197278911564626
1.0729560261502042,3.201280512204882
1.7053989950768669,3.205282112845138
1.0916558049958764,3.2092837134853944
2.057924066390694,3.2132853141256503
1.748074536089091,3.2172869147659067
1.3472725295522472,3.2212885154061626
0.46193848534140247,3.225290116046419
0.87234403097123,3.229291716686675
-0.27106259214565653,3.2332933173269307
-0.7063728061046068,3.237294917967187
-0.8262278478703495,3.241296518607443
0.11837976235353387,3.2452981192476993
0.34223740473774894,3.249299719887955
1.0340525793084325,3.2533013205282115
0.29977759653314867,3.2573029211684674
0.09830775885337106,3.2613045218087238
0.09250652203425466,3.2653061224489797
-0.3964565811049421,3.269307723089236
-0.7053166898145576,3.273309323729492
-2.0058175899402957,3.2773109243697482
-1.6817439832535173,3.281312525010004
-1.336275759090094,3.28531412565026
-1.3987518173927627,3.2893157262905164
-1.2735326216062044,3.2933173269307723
-0.3490909076129045,3.2973189275710286
0.004247682844572193,3.3013205282112845
1.3587369060522207,3.305322128851541
1.1254954351208766,3.3093237294917968
2.7211328239492647,3.313325330132053
1.215384293789584,3.317326930772309
1.5993839559250256,3.3213285314125653
0.7024184538542584,3.3253301320528212
-0.5137336272525004,3.3293317326930776
-0.002933695536467588,3.3333333333333335
-0.6208763467588818,3.3373349339735894
-0.7558496907945181,3.3413365346138457
0.1575127668390212,3.3453381352541016
-0.47192595680836547,3.349339735894358
0.6698535128253869,3.353341336534614
0.34429619239630177,3.35734293717487
0.9431673011638074,3.361344537815126
-0.05293907510872961,3.3653461384553824
-0.33018229232293234,3.3693477390956383
-1.142743674917143,3.3733493397358947
-0.9015343106725864,3.3773509403761506
-1.7014724764898261,3.3813525410164065
-2.122976341510808,3.385354141656663
-1.774218639221151,3.3893557422969187
-1.5675035260677046,3.393357342937175
-0.36003877802115963,3.397358943577431
1.2737084017259621,3.4013605442176873
1.0284653862443593,3.405362144857943
1.4951289577437585,3.4093637454981995
2.5895006671005047,3.4133653461384554
0.6703869352293534,3.417366946778712
1.745515168883572,3.4213685474189677
1.9431399029417356,3.425370148059224
1.0414949527579305,3.42937174869948
0.7994997146481306,3.433373349339736
-0.6921170642346612,3.437374949979992
-0.30953501879942924,3.441376550620248
-0.3046041118177629,3.4453781512605044
-0.1496264196272068,3.4493797519007603
0.4344607022293455,3.4533813525410166
0.3021543920261217,3.4573829531812725
0.4053404282320722,3.461384553821529
0.20265574062365993,3.4653861544617848
-0.7935372740945548,3.469387755102041
-1.197001326171009,3.473389355742297
-1.478712457517363,3.4773909563825534
-1.862585081261763,3.4813925570228093
-2.0230971766932964,3.485394157663065
-1.2831002595824048,3.4893957583033215
-0.7990947048292505,3.4933973589435774
-1.0563417083472104,3.4973989595838337
0.6794845300915873,3.5014005602240896
0.8772637982902869,3.505402160864346
1.5312150709584817,3.509403761504602
1.5687711961074968,3.513405362144858
1.4535398331747622,3.517406962785114
1.4930791012083278,3.5214085634253705
0.014270719632577866,3.5254101640656264
0.9904415032390997,3.5294117647058827
-1.093722737298897,3.5334133653461386
-0.5598304705806244,3.5374149659863945
-0.4490403315884064,3.541416566626651
0.18945228277522996,3.5454181672669067
0.5369345000167411,3.549419767907163
0.8955534278218004,3.553421368547419
0.3776695348762328,3.5574229691876753
0.2930231127920662,3.561424569827931
0.3113506585591391,3.5654261704681876
-0.5653000508662981,3.5694277711084434
-0.4379127700759728,3.5734293717487
-1.4388800323416404,3.5774309723889557
-0.6733271290974682,3.581432573029212
-1.8938542445385904,3.585434173669468
-1.2699705745542471,3.589435774309724
-0.06744929123902832,3.59343737494998
0.9381974446233575,3.597438975590236
0.3418718463126815,3.6014405762304924
1.1808635689817688,3.6054421768707483
2.1675543203218863,3.6094437775110046
0.7392457529493475,3.6134453781512605
3.0213958274573516,3.617446978791517
0.7838682065931447,3.621448579431773
1.006524966332921,3.625450180072029
1.06315486579635,3.629451780712285
-0.07031821911874565,3.6334533813525414
-0.5381398337843706,3.6374549819927973
0.05826804255119483,3.641456582633053
-1.1122151280301908,3.6454581832733095
0.18271744016091063,3.6494597839135654
0.6622569800308782,3.6534613845538217
0.5089456664923743,3.6574629851940776
-0.21732204864446758,3.661464585834334
0.6929052354870697,3.66546618647459
-0.20564944423371878,3.6694677871148462
-1.8439083316350189,3.673469387755102
-1.3271847328919821,3.6774709883953585
-1.869209042588709,3.6814725890356144
-1.459265023454157,3.6854741896758707
-1.5041300426968693,3.6894757903161266
-1.8970030014673513,3.6934773909563825
-0.10160073674873815,3.697478991596639
0.5097254248826384,3.7014805922368947
1.1042213678896557,3.705482192877151
0.8141796703045941,3.709483793517407
1.2844564295673733,3.7134853941576633
1.4733614786164322,3.717486994797919
1.3094758441973733,3.7214885954381756
1.04125389495372,3.7254901960784315
-0.18693616449942296,3.729491796718688
0.3863934269410953,3.7334933973589437
0.2752810466826948,3.7374949979992
-0.4808608656175528,3.741496598639456
-0.2860774883197177,3.745498199279712
0.2653869545295289,3.749499799919968
0.3487005933056415,3.753501400560224
1.2368517407995716,3.7575030012004804
0.665643781436833,3.7615046018407363
0.3857298966446793,3.7655062024809927
-0.28767421510635494,3.7695078031212486
-0.21866074598166563,3.773509403761505
-0.9750454643278514,3.777511004401761
-1.370926910185548,3.781512605042017
-1.9230117801340054,3.785514205682273
-1.021385045154125,3.7895158063225294
-1.0918518327220856,3.7935174069627853
-0.5543287428416208,3.797519007603041
-0.07109678640996603,3.8015206082432975
0.995002676561227,3.8055222088835534
1.6320506006842908,3.8095238095238098
0.8595140761761506,3.8135254101640657
1.8499963427793917,3.817527010804322
0.9278774574727646,3.821528611444578
1.5846036262287035,3.8255302120848342
0.714025644567561,3.82953181272509
0.4385101689561625,3.8335334133653465
-0.44269901736992706,3.8375350140056024
0.15993416510683944,3.8415366146458583
0.2550228803638844,3.8455382152861146
0.3008942871602789,3.8495398159263705
-0.9990021719500602,3.853541416566627
0.8324097439137641,3.8575430172068828
-0.8551964735084095,3.861544617847139
0.5152270408271149,3.865546218487395
-0.9316591883836017,3.8695478191276513
-0.07264421121594666,3.8735494197679072
-1.071753882204127,3.8775510204081636
-1.3579503342335566,3.8815526210484195
-2.122308313135848,3.885554221688676
-0.17963780064881973,3.8895558223289317
-0.7765045890865625,3.8935574229691876
0.7096212246954274,3.897559023609444
-0.20538919553235913,3.9015606242497
0.4176612151087229,3.905562224889956
1.3108901290287578,3.909563825530212
1.6362375743656048,3.9135654261704684
1.1248607681329732,3.9175670268107243
1.8866587924324625,3.9215686274509807
1.215881563560769,3.9255702280912366
1.424463099809825,3.929571828731493
-0.20039046074116998,3.933573429371749
0.0024012020538679013,3.937575030012005
-0.7206815351299438,3.941576630652261
-0.3360026963021747,3.945578231292517
-0.3623722416854873,3.9495798319327733
0.11147485735763844,3.953581432573029
0.3806925578797666,3.9575830332132855
0.3339319999210671,3.9615846338535414
-0.11593355170246467,3.9655862344937978
-0.12408714265962056,3.9695878351340537
-1.404958063272788,3.97358943577431
-1.4234074562414327,3.977591036414566
-1.9537507550154873,3.9815926370548222
-2.7121291014973212,3.985594237695078
-1.9554829069364275,3.9895958383353345
-1.1590569010477059,3.9935974389755904
-1.0001631519829202,3.9975990396158463
0.9571054148129594,4.001600640256102
0.8235887513377017,4.0056022408963585
2.9207186921824415,4.009603841536615
1.4477872255831357,4.013605442176871
2.179904290854673,4.017607042817127
1.0393490047325504,4.021608643457383
0.04021240671282433,4.025610244097639
1.0450264670741234,4.029611844737896
-0.08069489617394446,4.033613445378151
-0.6334065181115593,4.0376150460184075
-0.7579996603772833,4.041616646658664
0.376455423876229,4.04561824729892
0.03563423540130048,4.049619847939176
1.063598046948135,4.053621448579432
0.6252546508291126,4.057623049219688
0.5879745448164109,4.061624649859944
1.1109756244357505,4.0656262505002
-0.9722831608697332,4.069627851140456
-1.502857684894205,4.073629451780713
-1.3588541730716799,4.077631052420968
-1.74421140407139,4.081632653061225
-1.683588890810504,4.085634253701481
-2.145842807490194,4.089635854341737
-0.42554169987058843,4.093637454981993
-1.239558485952748,4.097639055622249
0.42500820592520716,4.101640656262505
1.2799455732866096,4.105642256902761
0.7911581915175694,4.109643857543017
1.5004857556052367,4.1136454581832735
1.1602250502239486,4.11764705882353
1.4337140469510679,4.121648659463785
0.17594482180899806,4.125650260104042
0.8234062248976008,4.129651860744298
-0.061318148901188065,4.133653461384554
-0.22668503385224636,4.13765506202481
-0.8215422534874302,4.141656662665066
-0.7646751990105196,4.1456582633053225
0.5748131669200068,4.149659863945578
-0.2387170333393025,4.153661464585834
1.5017292252481749,4.157663065226091
0.03817314161044888,4.161664665866347
0.15279395962521797,4.165666266506602
-0.38759715822570023,4.169667867146859
-0.8129969382301532,4.173669467787115
-2.1296687098741254,4.1776710684273715
-0.961627060647514,4.181672669067627
-1.4903771271289459,4.185674269707883
-1.70892791543612,4.18967587034814
-1.5014981213980139,4.193677470988396
0.19146880890578533,4.197679071628651
0.1535552921734513,4.201680672268908
0.7676590657586907,4.205682272909164
2.080275079342638,4.2096838735494195
2.1403088325435395,4.213685474189676
1.872820500493392,4.217687074829932
1.206833135501472,4.221688675470189
1.1723074011283634,4.225690276110444
0.06552968428021916,4.2296918767507
0.6976496965864277,4.233693477390957
-0.08054524901976942,4.237695078031213
-0.7139757536109669,4.2416966786714685
-0.5244523411686206,4.245698279311725
0.12187812456775472,4.249699879951981
-0.2798351948430701,4.253701480592237
0.5005540067051718,4.257703081232493
0.8729278113370681,4.261704681872749
-0.07001792920211733,4.265706282513006
-0.2261654801551931,4.269707883153261
-0.8897089081804399,4.2737094837935174
-1.5701119920953905,4.277711084433774
-1.6258634671212535,4.28171268507403
-1.7012096459427042,4.285714285714286
-1.6141255274505035,4.289715886354542
-0.7105599302083321,4.293717486994798
0.08572124674521414,4.297719087635055
0.7086628318625411,4.30172068827531
1.4180702870364232,4.305722288915566
1.6051460943564653,4.309723889555823
1.9890916690202642,4.313725490196078
2.6408285182566944,4.3177270908363345
1.885357189125684,4.321728691476591
0.62222544987525,4.325730292116847
0.018166866753860755,4.329731892757103
-0.12931355028260108,4.333733493397359
0.13041495821301125,4.337735094037615
0.18575823833089433,4.341736694677872
0.265956971024313,4.345738295318127
-0.740094497660136,4.3497398959583835
-0.23091967362950444,4.35374149659864
-0.53080194059742,4.357743097238895
0.40989727745103854,4.361744697879152
0.12062127335119467,4.365746298519408
-1.1625877194485332,4.369747899159664
-0.0755373109871954,4.37374949979992
-1.3086298229028301,4.377751100440176
-0.5678468890890029,4.3817527010804325
-0.8840885151344134,4.385754301720689
-1.9703317339349429,4.389755902360944
-1.7488573480151377,4.393757503001201
-0.9750675096045014,4.397759103641457
0.06527755337726926,4.401760704281713
0.829978484085519,4.405762304921969
1.5991646369609294,4.409763905562225
1.3020695545206553,4.413765506202481
1.8591497860765247,4.417767106842737
1.3420693233200531,4.421768707482993
0.818859183888582,4.42577030812325
0.8772674071887092,4.429771908763506
-0.02915033979663361,4.433773509403761
0.12712405592361342,4.437775110044018
-0.9315338057089895,4.441776710684274
0.1420388832507577,4.44577831132453
0.11504896136266432,4.449779911964786
0.1798811235749784,4.453781512605042
0.1526761701881969,4.4577831132452985
0.22951934399194396,4.461784713885554
0.1594927539798191,4.46578631452581
-0.383377630159802,4.469787915166067
-0.9513140242122302,4.473789515806323
-1.9055596826751322,4.4777911164465785
-2.008582529814234,4.481792717086835
-1.3800200817859174,4.485794317727091
-1.8789893431551994,4.4897959183673475
-1.3617779536853865,4.493797519007603
-0.054476448996771676,4.497799119647859
-0.2730001976950954,4.501800720288116
2.436121486109958,4.505802320928372
1.3308740111964106,4.509803921568627
2.217577682784321,4.513805522208884
1.88799970665352,4.51780712284914
1.3415388197242306,4.5218087234893956
0.17959758864222886,4.525810324129652
0.5336765664936485,4.529811924769908
-0.38883385749999694,4.533813525410165
-1.32147959330913,4.53781512605042
-0.3676161699874113,4.541816726690676
0.8601817501008775,4.545818327330933
0.13808442941026938,4.549819927971189
0.40190146839632757,4.5538215286114445
0.5092603589560312,4.557823129251701
-0.04780919437409331,4.561824729891957
0.4541438351116293,4.565826330532213
-0.31891129238988775,4.569827931172469
-1.1039913852715002,4.573829531812725
-1.1072301789486056,4.577831132452982
-2.480978081225677,4.581832733093237
-0.6038939094107976,4.5858343337334935
-1.0832879824742099,4.58983593437375
-1.1240583273021874,4.593837535014006
-0.19835908184369955,4.597839135654262
0.12066526995601518,4.601840736294518
1.0634326288373592,4.605842336934774
1.710292537627989,4.609843937575031
1.4887341408809704,4.613845538215286
0.8082219696857116,4.617847138855542
1.9529287663353223,4.621848739495799
1.2659347324362349,4.625850340136054
0.8016788204476502,4.629851940776311
0.11990629743407824,4.633853541416567
-0.6552744734137137,4.637855142056823
0.11968978246833217,4.641856742697079
0.6676912416952228,4.645858343337335
0.37868861115324565,4.649859943977591
1.0194901388838962,4.653861544617848
-0.07622943152599704,4.657863145258103
-0.872585060456959,4.6618647458983595
-0.7171012442025317,4.665866346538616
0.17242940988973576,4.669867947178871
-0.36129982808916344,4.673869547819128
-1.7474635518699282,4.677871148459384
-0.8833515732432518,4.68187274909964
-1.9417104675851662,4.685874349739896
-1.5683267995710743,4.689875950380152
-0.9888742666604271,4.6938775510204085
-0.8340449562926024,4.697879151660665
0.33532512004495507,4.70188075230092
1.4884395242524557,4.705882352941177
1.7222329628729938,4.709883953581433
2.413065989592704,4.713885554221688
0.6100572518199303,4.717887154861945
1.7403091067447147,4.721888755502201
0.8886098621528643,4.7258903561424574
-0.29531662883009124,4.729891956782713
0.24813726425916677,4.733893557422969
-0.969504857474008,4.737895158063226
-0.3987073039294307,4.741896758703482
-0.17652673091406088,4.745898359343737
0.05373203365627128,4.749899959983994
-0.21767047599808492,4.75390156062425
0.7583792064501351,4.757903161264506
0.5677405317008752,4.761904761904762
-0.09922996369860498,4.765906362545018
-0.6444790512213672,4.7699079631852745
-1.1670032483671755,4.77390956382553
-1.977598516962479,4.777911164465786
-1.4117024834164273,4.781912765106043
-2.274215442031854,4.785914365746299
-1.1551912314150035,4.7899159663865545
-0.3136532753845027,4.793917567026811
-0.9834035795722202,4.797919167667067
-0.18054257975872762,4.8019207683073235
1.4731072155410918,4.805922368947579
2.1782184930287762,4.809923969587835
2.226271165160579,4.813925570228092
2.0914874802977312,4.817927170868347
1.5854727890985332,4.821928771508603
0.8181040237404317,4.82593037214886
0.6089887819807759,4.829931972789116
-0.40733777147582456,4.833933573429372
-0.2627796047619709,4.837935174069628
0.10030834616055145,4.841936774709884
-0.4685431944074242,4.845938375350141
0.1451581881364239,4.849939975990396
0.7124752352913397,4.853941576630652
-0.22170172822529416,4.857943177270909
-0.23609248621225332,4.861944777911165
-0.8872720916678436,4.8659463785514205
0.1597754808933899,4.869947979191677
-0.510215423287075,4.873949579831933
-0.7461031637376919,4.877951180472189
-2.2870161202853057,4.881952781112445
-0.33816629229604556,4.885954381752701
-2.0713693192558287,4.889955982392958
-1.5147733428369365,4.893957583033213
0.3668354591505268,4.8979591836734695
0.7514682154289001,4.901960784313726
1.337422506169592,4.905962384953982
1.4915053563637728,4.909963985594238
2.100243169104595,4.913965586234494
1.8844567665595748,4.91796718687475
1.5083616827853428,4.921968787515006
0.633652460253564,4.925970388155262
0.6045259009583934,4.9299719887955185
-0.7534528256360186,4.933973589435775
-0.62125067947633,4.93797519007603
-1.3262984168835934,4.941976790716287
-0.16479353955604265,4.945978391356543
0.26451357672322695,4.949979991996799
1.2191444828479645,4.953981592637055
0.30825948645023316,4.957983193277311
0.6204651907389218,4.961984793917567
-0.21115177427065135,4.965986394557824
-0.411035568496167,4.969987995198079
-0.39793574422691214,4.9739895958383356
-1.162932786735652,4.977991196478592
-1.9273157528505362,4.981992797118847
-1.2720082649306024,4.985994397759104
-1.3834836455483464,4.98999599839936
-1.6497235325394755,4.993997599039616
-0.48355993864428665,4.997999199679872
0.5303024604632389,5.002000800320128
1.043090806461794,5.0060024009603845
1.5224605738199442,5.010004001600641
1.8398618984963497,5.014005602240896
1.5238413947716225,5.018007202881153
1.651135692387047,5.022008803521409
0.4473396257110062,5.0260104041616644
-1.4102146543499436,5.030012004801921
-0.0008224925912072925,5.034013605442177
-0.16576042640420208,5.0380152060824335
0.4687376455887193,5.042016806722689
-0.6367691444112572,5.046018407362945
-1.3977901415803293,5.050020008003202
0.0020126328641580926,5.054021608643458
0.3911150471945063,5.058023209283713
0.8748211187911467,5.06202480992397
-0.11377716068771762,5.066026410564226
-0.08642160901154816,5.070028011204482
-0.7015910615975821,5.074029611844738
-1.7916773877729013,5.078031212484994
-1.7597453093449664,5.082032813125251
-1.917537768813911,5.086034413765506
-0.8841026874000819,5.090036014405762
0.33995372216040365,5.094037615046019
0.39308251019395535,5.098039215686275
0.3438829223595891,5.1020408163265305
1.796705605501197,5.106042416966787
1.8256623157268463,5.110044017607043
1.7342657315862466,5.1140456182472995
1.8428396428984395,5.118047218887555
1.2182311424533738,5.122048819527811
1.0531643496887149,5.126050420168068
0.6049768398109874,5.130052020808323
0.35338056389935074,5.1340536214485795
0.06828489289298867,5.138055222088836
-0.5136437472246151,5.142056822729092
-0.5880244227139176,5.146058423369348
0.035701932624798996,5.150060024009604
0.25572559310774734,5.15406162464986
0.22338974283771393,5.158063225290117
-0.26848129762243633,5.162064825930372
0.5814791809411519,5.166066426570628
-0.6544959382957786,5.170068027210885
0.1248908872366874,5.17406962785114
-2.4743855178081007,5.178071228491397
-2.5855727305537477,5.182072829131653
-1.294750398843119,5.186074429771909
-1.8426410110517337,5.190076030412165
-0.7615038250402069,5.194077631052421
0.5438564956571678,5.198079231692677
0.5141371323754574,5.202080832332934
0.9733579326601443,5.206082432973189
1.3293906811689429,5.2100840336134455
1.526830556777746,5.214085634253702
1.9435395304493448,5.218087234893958
1.4776624430427798,5.222088835534214
1.0483011603708654,5.22609043617447
0.6710278677082064,5.230092036814726
0.45859968042056176,5.234093637454982
-0.42679135505676663,5.238095238095238
-0.28385437110641426,5.2420968387354945
0.1884447303080583,5.246098439375751
0.006802544767771637,5.250100040016006
-0.5394642204422282,5.254101640656263
0.5562250841055882,5.258103241296519
0.9851966740727448,5.262104841936775
0.6839534295938204,5.266106442577031
-0.09510722835899799,5.270108043217287
-0.700443997617977,5.274109643857543
-1.7876844932511768,5.278111244497799
-1.0834019426189974,5.282112845138055
-2.0930843459181987,5.286114445778312
-1.2888157414788006,5.290116046418568
-0.339185574180657,5.294117647058823
-0.5740686047682422,5.29811924769908
-0.027258753779138223,5.302120848339336
0.6896221600843457,5.306122448979592
1.2762365739940238,5.310124049619848
2.2086541905070933,5.314125650260104
0.5591630554881601,5.3181272509003605
1.25781166152293,5.322128851540617
1.4550375967580198,5.326130452180872
0.5043464165715452,5.330132052821129
0.15873389609721444,5.334133653461385
-0.5318570070831183,5.3381352541016405
-0.45654576695978905,5.342136854741897
-0.774504859530075,5.346138455382153
-0.24454165099970618,5.3501400560224095
-0.29058265176106646,5.354141656662665
0.21430352201480785,5.358143257302921
1.0419622116730884,5.362144857943178
0.40466987565999213,5.366146458583434
-0.3222424330473862,5.370148059223689
-0.3331323377309663,5.374149659863946
-2.197279073932491,5.378151260504202
-2.308255407198564,5.382152861144458
-1.3564770258915615,5.386154461784714
-1.0904807927355933,5.39015606242497
-1.4825104176809185,5.394157663065227
-0.7196676412003598,5.398159263705482
1.4174915531993737,5.402160864345738
1.6837126538495288,5.406162464985995
1.2857993949337776,5.410164065626251
1.740333704976265,5.4141656662665065
1.0367680848414849,5.418167266906763
1.4184964961912896,5.422168867547019
0.14628993824063097,5.4261704681872756
0.5258447086009326,5.430172068827531
-0.24034875228536176,5.434173669467787
-0.7180524031447533,5.438175270108044
-0.9317475232859626,5.442176870748299
-0.19929921346645635,5.4461784713885555
-0.37275795876429046,5.450180072028812
0.44351694041834033,5.454181672669068
0.2814463190137613,5.458183273309324
-0.11436480448927716,5.46218487394958
-0.3810314651883086,5.466186474589836
-0.3817060319451865,5.470188075230093
-0.7899426003387577,5.474189675870348
-0.4878355702798979,5.4781912765106044
-0.867645951708185,5.482192877150861
-1.8675322992472445,5.486194477791116
-1.798357392599456,5.490196078431373
-0.6342812103162072,5.494197679071629
0.3983474620223786,5.498199279711885
-0.08659819241312494,5.502200880352141
1.0261793680280542,5.506202480992397
1.0773276891034778,5.510204081632653
2.067452451411153,5.51420568227291
0.7190670645190691,5.518207282913165
1.9316849089344654,5.5222088835534215
0.49246306401991347,5.526210484193678
0.04702418272432207,5.530212084833934
0.7159636202666159,5.53421368547419
0.22323908478831278,5.538215286114446
0.3970912689619816,5.542216886754702
-0.6687103482187717,5.546218487394958
-0.8235740848968134,5.550220088035214
0.38112688535135975,5.5542216886754705
-0.4023207283438936,5.558223289315727
0.6026378049128186,5.562224889955982
-0.516559942396298,5.566226490596239
-0.853086426050633,5.570228091236495
-0.6153150776444889,5.574229691876751
-1.3154687871667459,5.578231292517007
-2.3163361340265913,5.582232893157263
-2.134592425044133,5.5862344937975195
-1.0476200066631036,5.590236094437775
-1.458001146519742,5.594237695078031
-0.6773558317703652,5.598239295718288
0.35079012294728407,5.602240896358544
0.8153279810802077,5.606242496998799
0.8470726267991252,5.610244097639056
3.099415920776167,5.614245698279312
1.927216251256979,5.618247298919568
0.8449260269713534,5.622248899559824
0.21013036817863773,5.62625050020008
0.029591151052079878,5.630252100840337
-0.3849967980441279,5.634253701480592
-0.6083223143148297,5.638255302120848
-0.8294984769615962,5.642256902761105
-0.5068482671523633,5.646258503401361
-0.47951603164851264,5.6502601040416165
1.078216543718902,5.654261704681873
-0.28860451530580195,5.658263305322129
0.3196361602118494,5.6622649059623855
-0.5018386340940736,5.666266506602641
-0.7510750828150565,5.670268107242897
-1.2129573476347706,5.674269707883154
-1.8882611054654785,5.67827130852341
-1.6045540199079293,5.6822729091636655
-2.16639671647166,5.686274509803922
-2.115750165518569,5.690276110444178
-1.0544575506861313,5.694277711084434
-0.38615361539842163,5.69827931172469
-0.25718640985593555,5.702280912364946
0.3020706035788202,5.706282513005203
0.9908835211188598,5.710284113645458
2.6903063624045056,5.714285714285714
1.7824363338249574,5.718287314925971
1.4631477495091454,5.722288915566227
0.9874392392728418,5.7262905162064826
0.12025085824687054,5.730292116846739
0.38047102749128936,5.734293717486995
-0.5023585366788798,5.738295318127251
-0.5180189018623576,5.742296918767507
-0.28231207343150916,5.746298519407763
0.0635757026274926,5.75030012004802
-0.06278614587016762,5.754301720688275
-0.5388409952545042,5.7583033213285315
0.15171516168327326,5.762304921968788
0.3575876520936626,5.766306522609044
0.17929191349733686,5.7703081232493
-0.8033548569223093,5.774309723889556
-1.1766359630742083,5.778311324529812
-1.35555381569209,5.782312925170069
-1.7162446416167265,5.786314525810324
-1.883030799762771,5.7903161264505805
-0.6605305182038516,5.794317727090837
-0.8952348488534527,5.798319327731092
0.15734642845802005,5.802320928371349
1.463792962925112,5.806322529011605
1.7018122557140394,5.810324129651861
1.2499866115891236,5.814325730292117
1.4288958188065852,5.818327330932373
0.4277670837860218,5.822328931572629
-0.0537682926818126,5.826330532212886
-0.07941414617719444,5.830332132853141
-0.8426816191146237,5.834333733493398
-0.24027920861917468,5.838335334133654
-0.6084476508206493,5.842336934773909
0.17942242855052765,5.846338535414166
0.7459190627234543,5.850340136054422
0.3359580076445177,5.854341736694678
0.7064957968139209,5.858343337334934
1.0971522885561609,5.86234493797519
-0.6423635358193049,5.8663465386154465
-1.0803202889773158,5.870348139255703
-0.8198212498877936,5.874349739895958
-1.1446087653280532,5.878351340536215
-2.616277611449986,5.882352941176471
-1.605321347818438,5.886354541816727
-1.870057644715709,5.890356142456983
-1.1671243051012739,5.894357743097239
0.9394873182678765,5.8983593437374955
-0.1226290468269789,5.902360944377751
1.531392154667804,5.906362545018007
1.3671909606509087,5.910364145658264
1.6721653667339138,5.91436574629852
1.6708218167297102,5.918367346938775
1.8034168990145512,5.922368947579032
0.8107021478291884,5.926370548219288
-0.6800920032047398,5.9303721488595444
0.7207968114968791,5.9343737494998
0.4837252915442193,5.938375350140056
-0.47895208900000535,5.942376950780313
0.5404011102737801,5.946378551420568
0.2796535958612671,5.950380152060824
-0.629835977607353,5.954381752701081
-0.6624053198673036,5.958383353341337
0.17497759484911818,5.9623849539815925
0.27225720246585117,5.966386554621849
-0.2981929692524725,5.970388155262105
-1.393660223500945,5.9743897559023615
-1.2991086375710634,5.978391356542617
-2.108949153085501,5.982392957182873
-1.093770955572496,5.98639455782313
-1.417742596878918,5.990396158463386
-0.07423718242586574,5.9943977591036415
0.32822509108500414,5.998399359743898
0.36626145434007146,6.002400960384154
0.35536507510335125,6.00640256102441
1.397041984580904,6.010404161664666
1.5302338621096752,6.014405762304922
1.848527507559083,6.018407362945179
0.7275144245744133,6.022408963585434
0.34945135094222496,6.02641056422569
0.03747301496292149,6.030412164865947
0.8624254249636913,6.034413765506203
-1.2548440964525396,6.038415366146459
0.08076953078214305,6.042416966786715
0.3827582292202188,6.046418567426971
0.7112083689937656,6.050420168067227
0.4965245885206077,6.054421768707483
0.3893325428366672,6.058423369347739
0.32535497812795794,6.062424969987996
0.19602851123886358,6.066426570628251
-0.28713508934723087,6.0704281712685075
-0.5915195068121797,6.074429771908764
-1.6326102581334447,6.07843137254902
-1.7888525738268277,6.082432973189276
-2.263524630046974,6.086434573829532
-1.9059009148958292,6.090436174469788
-0.7013115531080936,6.094437775110045
-0.10236454498053935,6.0984393757503
0.683821484067117,6.1024409763905565
1.0317583090735951,6.106442577030813
1.179612285146928,6.110444177671068
1.7197963145522055,6.114445778311325
1.5638422093544921,6.118447378951581
1.648303033276144,6.122448979591837
1.5684399614190938,6.126450580232093
-0.4328061634947078,6.130452180872349
-0.523753737703136,6.1344537815126055
-0.3143138080457757,6.138455382152862
-0.48024326600629585,6.142456982793117
-0.1866911945901472,6.146458583433374
-0.39266857486883067,6.15046018407363
0.71310888647612,6.154461784713885
-0.28833312376514675,6.158463385354142
0.9409805496001084,6.162464985994398
0.37042346743767185,6.166466586634654
0.13734331135680333,6.17046818727491
0.2559433775961357,6.174469787915166
-0.7142370948159854,6.1784713885554225
-2.2981667302201845,6.182472989195679
-2.376549104628,6.186474589835934
-0.8854958217919123,6.190476190476191
-0.7943518064485879,6.194477791116447
-0.858990342061124,6.1984793917567025
-0.4089996264973128,6.202480992396959
0.8631594371365205,6.206482593037215
1.4672344361849334,6.2104841936774715
1.6375457816768573,6.214485794317727
2.1024514910272876,6.218487394957983
1.7934310221895722,6.22248899559824
0.5738827976105458,6.226490596238496
-1.1558429418009895,6.230492196878751
0.15365305930461304,6.234493797519008
-0.9248276255226877,6.238495398159264
-1.6392768972876994,6.2424969987995205
0.055215635925663614,6.246498599439776
-0.5016788817679325,6.250500200080032
-0.15183030226523336,6.254501800720289
0.685712140706489,6.258503401360544
1.1933332299691455,6.2625050020008
-0.34424793900039813,6.266506602641057
0.1187977432479339,6.270508203281313
-0.48607318452863535,6.2745098039215685
-2.1757491684818877,6.278511404561825
-2.167155179357325,6.282513005202081
-0.5460585713349126,6.286514605842338
-1.8864705371239365,6.290516206482593
-0.8491964048478009,6.294517807122849
-0.05423664802421932,6.298519407763106
1.1592820124292107,6.302521008403361
0.37139150791344167,6.3065226090436175
1.9299848965244255,6.310524209683874
1.9421741478259573,6.31452581032413
1.8615769049424256,6.318527410964386
1.2566158143513466,6.322529011604642
1.2928665348473038,6.326530612244898
0.622718174318361,6.330532212885155
-0.29846058035531986,6.33453381352541
-0.1825668801262113,6.3385354141656665
0.48105878064930446,6.342537014805923
-0.2714631976390969,6.346538615446179
-0.13313453579445322,6.350540216086435
-0.2756781358954012,6.354541816726691
-0.155076599199642,6.358543417366947
-0.5287337268037171,6.362545018007203
-0.46078833659132507,6.366546618647459
-0.4618922134554511,6.370548219287715
-1.70298417320011,6.374549819927972
-1.4961879897204355,6.378551420568227
-2.1196156101558064,6.382553021208484
-2.2191765634865255,6.38655462184874
-1.5636629740719985,6.390556222488996
0.019212145613070497,6.394557823129252
-0.3741007537372516,6.398559423769508
1.2006941038561578,6.402561024409764
1.2217102928305623,6.40656262505002
2.193078956036807,6.410564225690276
2.1040508879148474,6.4145658263305325
0.8530029024812158,6.418567426970789
0.5257379439146649,6.422569027611044
-0.07405689791050496,6.426570628251301
-0.018068451728663226,6.430572228891557
0.6761652450748012,6.434573829531813
0.5837491424820798,6.438575430172069
-0.2841548568918763,6.442577030812325
-0.14337600917311416,6.4465786314525815
-0.4294972840771533,6.450580232092838
0.66236897540991,6.454581832733093
0.26313758409234717,6.45858343337335
0.8705285407013474,6.462585034013606
-0.08713580412027436,6.466586634653861
-1.4441617981309736,6.470588235294118
-1.3599150013425976,6.474589835934374
-2.1448922345841663,6.47859143657463
-0.6718955478630981,6.482593037214886
-1.299486468994599,6.486594637855142
-0.898953371468038,6.490596238495399
-1.2028352302729564,6.494597839135655
-0.33636416323260343,6.49859943977591
0.4774229072122321,6.502601040416167
1.2361578426033306,6.506602641056423
1.4254428111632071,6.5106042416966785
0.7379399099624289,6.514605842336935
1.9900398108434558,6.518607442977191
1.1490737555048194,6.5226090436174475
0.345936338305,6.526610644257703
0.5720321976474243,6.530612244897959
0.14905135188975294,6.534613845538216
-0.7009532941075458,6.538615446178472
0.0031984059579864277,6.5426170468187275
-0.9894418032430033,6.546618647458984
-0.07904558340369539,6.55062024809924
0.4045634340428489,6.5546218487394965
1.7237651035934336,6.558623449379752
0.4494332255438424,6.562625050020008
0.6048050491431997,6.566626650660265
-0.20428949591958048,6.57062825130052
-0.9899348748580432,6.574629851940776
-1.0921247344896128,6.578631452581033
-1.969340522310949,6.582633053221289
-2.8567291070828795,6.586634653861545
-1.1371589884395068,6.590636254501801
-1.8187942272660156,6.594637855142057
-0.7730646584273759,6.598639455782314
0.24980442401393252,6.602641056422569
0.3234927821880835,6.606642657062825
0.8869111894698443,6.610644257703082
2.154980270373371,6.614645858343337
0.6475864080211561,6.6186474589835935
0.9033475411296252,6.62264905962385
1.8596519178138977,6.626650660264106
0.8809083605605105,6.630652260904362
0.08431309020754132,6.634653861544618
-0.6373776462186358,6.638655462184874
-0.6192849499102429,6.642657062825131
-0.6313744248344747,6.646658663465386
0.3372276214358869,6.6506602641056425
-0.5307539556447955,6.654661864745899
0.38327210162699127,6.658663465386155
0.41199482092615414,6.662665066026411
0.845499671702549,6.666666666666667
-0.7675070770373735,6.670668267306923
-0.8639875554120814,6.674669867947179
-1.0333021336386903,6.678671468587435
-2.1177506886305344,6.682673069227691
-2.0915515122798967,6.686674669867948
-2.246071822844913,6.690676270508203
-0.5452421620001293,6.69467787114846
1.2272886241282421e-05,6.698679471788716
0.2847654917551068,6.702681072428972
0.7980656758768586,6.706682673069228
1.3479861015952095,6.710684273709484
2.4255911949992623,6.71468587434974
1.7754302112194986,6.718687474989996
1.2830339309279035,6.722689075630252
0.8798384892380438,6.7266906762705085
0.44875500212506797,6.730692276910765
-0.5833325536273815,6.73469387755102
0.28082132757542166,6.738695478191277
-0.7172689455393234,6.742697078831533
-0.7562245749584314,6.746698679471789
0.5081887677256542,6.750700280112045
-0.07591299381904015,6.754701880752301
0.9913371651400241,6.7587034813925575
-0.8981279061653313,6.762705082032813
0.08007821036174192,6.766706682673069
-1.3892681773815942,6.770708283313326
-0.3185316008521909,6.774709883953582
-1.2015430301453371,6.778711484593837
-1.3505823438840892,6.782713085234094
-1.886864955228393,6.78671468587435
-1.009638298969144,6.7907162865146065
-0.5326977692064956,6.794717887154862
-0.16338723644058611,6.798719487795118
1.050022866429376,6.802721088435375
0.7806347908188855,6.806722689075631
1.7061078109631276,6.810724289715886
2.0395452901858984,6.814725890356143
2.031655295880319,6.818727490996399
1.7341459522536968,6.8227290916366545
0.6252976296864665,6.826730692276911
-0.8506146738789537,6.830732292917167
-0.7317034484972225,6.834733893557424
-0.06269572719070038,6.838735494197679
0.016792035797599247,6.842737094837935
-0.8125755441474218,6.846738695478192
0.10547875245392571,6.850740296118448
0.496785493679447,6.8547418967587035
-0.7480591419257019,6.85874349739896
-0.06114981512139267,6.862745098039216
-0.17648376745637492,6.866746698679472
-0.949858556649319,6.870748299319728
-1.1855497704157312,6.874749899959984
-0.5844553184941895,6.878751500600241
-1.4151110715422337,6.882753101240496
-2.0381914725780312,6.8867547018807524
-1.6790447011473022,6.890756302521009
-1.0985844400160276,6.894757903161265
-0.31973684626290405,6.898759503801521
1.0615108410915246,6.902761104441777
1.5816057596927262,6.906762705082033
2.2414843235685997,6.91076430572229
2.22801587165295,6.914765906362545
0.6164504850595693,6.918767507002801
1.3267720336169249,6.922769107643058
0.9005131706482854,6.926770708283313
0.47584159209180904,6.9307723089235695
0.10295053144279848,6.934773909563826
-0.14535303837441008,6.938775510204082
0.2538723967652516,6.942777110844338
0.19688167664590076,6.946778711484594
0.33857790105657765,6.95078031212485
1.0330334222363233,6.954781912765107
0.8703746529659453,6.958783513405362
-0.04683699909235978,6.9627851140456185
-0.8540835825788865,6.966786714685875
-0.16578018162958935,6.97078831532613
-2.068551568265508,6.974789915966387
-0.746105921673713,6.978791516606643
-0.6564812663572344,6.982793117246899
-1.5334482490105827,6.986794717887155
-0.8820558322856813,6.990796318527411
-1.1652975532737821,6.9947979191676675
-0.18660171796695807,6.998799519807924
0.5546107148290285,7.002801120448179
2.693772610776736,7.006802721088436
1.641803685212824,7.010804321728692
0.899582641105544,7.014805922368948
2.154171056383999,7.018807523009204
0.5813303013970672,7.02280912364946
0.25550947099227794,7.026810724289716
0.6247538538486963,7.030812324929972
0.5559285419351323,7.034813925570228
-0.7348970927164444,7.038815526210485
0.1256987998269009,7.042817126850741
0.1224030340673096,7.046818727490996
0.07997224799245506,7.050820328131253
0.7508567041793576,7.054821928771509
0.8833860759402399,7.058823529411765
0.7292448257417267,7.062825130052021
-1.2671476884597492,7.066826730692277
-0.5648318505950233,7.0708283313325335
-0.6851955863960149,7.074829931972789
-1.801371881697892,7.078831532613045
-2.0220276527332897,7.082833133253302
-2.3179473557916888,7.086834733893558
-1.1808967565081523,7.0908363345338135
-0.7310073999545663,7.09483793517407
-0.06794883746184405,7.098839535814326
-0.20604703553919934,7.1028411364545825
2.0487231884644412,7.106842737094838
1.8825534072768157,7.110844337735094
1.3084937722888434,7.114845938375351
1.762643043258244,7.118847539015607
0.6814331480427583,7.122849139655862
0.5655906163019143,7.126850740296119
-0.15369779989064042,7.130852340936375
-0.14022702816438165,7.1348539415766306
0.03768765554717862,7.138855542216887
-0.3998975128053298,7.142857142857143
-0.3160264802509978,7.1468587434974
0.2758156829416359,7.150860344137655
-0.19909458258448293,7.154861944777911
0.3545812835943651,7.158863545418168
-0.15631085643359777,7.162865146058424
-0.21728416005614973,7.1668667466986795
0.17251568643264587,7.170868347338936
-1.9645212101825087,7.174869947979192
-1.009499459667298,7.178871548619448
-1.601771362997911,7.182873149259704
-2.6031084849722914,7.18687474989996
-2.144747270186846,7.190876350540217
-0.23175477711064418,7.194877951180472
-0.5474622167027035,7.1988795518207285
0.18434548441613424,7.202881152460985
1.964201149518487,7.206882753101241
1.8357884711002914,7.210884353741497
1.3173914269888085,7.214885954381753
1.5214346466131259,7.218887555022009
1.1486225012766147,7.222889155662265
0.8778585306164542,7.226890756302521
0.14825327512493497,7.230892356942777
-0.034689613274565836,7.234893957583034
-0.013857413330192525,7.238895558223289
0.06635453879841402,7.242897158863546
-0.8090059680890194,7.246898759503802
0.09210731382645185,7.250900360144058
0.40724064432539453,7.254901960784314
0.36115945726252624,7.25890356142457
0.8159040645470591,7.262905162064826
0.08321229607246221,7.266906762705083
-0.1592574085974514,7.270908363345338
-0.32980687610858705,7.2749099639855945
-1.8383065662971863,7.278911564625851
-2.147496473561574,7.282913165266106
-1.4396077133127116,7.286914765906363
-1.5892626179079872,7.290916366546619
-0.9590452645897265,7.294917967186875
0.5585497869106024,7.298919567827131
0.21517226881519824,7.302921168467387
1.2248280250960693,7.3069227691076435
1.5533250550720832,7.3109243697479
0.7965386700345806,7.314925970388155
1.680287004330195,7.318927571028412
1.231798448152423,7.322929171668668
0.2543146130635058,7.326930772308923
-0.6618737156922201,7.33093237294918
-0.44352824711004973,7.334933973589436
-0.18381233168344413,7.3389355742296924
-0.5271557350014757,7.342937174869948
-0.5344825182123086,7.346938775510204
-0.08208153412051056,7.350940376150461
-0.44753308463127184,7.354941976790717
0.5681250384884405,7.358943577430972
-0.5152440898366951,7.362945178071229
0.580233484943731,7.366946778711485
-0.45419232686727584,7.370948379351741
-0.942872757800037,7.374949979991997
-1.9269905256972562,7.378951580632253
-1.5096498262514244,7.3829531812725095
-1.1615537895182513,7.386954781912765
-1.7205794282457283,7.390956382553021
-1.3795622063653117,7.394957983193278
-0.1926257272352034,7.398959583833534
1.3662553093452048,7.4029611844737895
1.3492833780710063,7.406962785114046
2.586438057220392,7.410964385754302
1.4781292493178957,7.4149659863945585
1.5263107381820786,7.418967587034814
1.6797632301635945,7.42296918767507
0.3963597919652246,7.426970788315327
0.5177205119811363,7.430972388955582
-0.2883697314134198,7.434973989595838
-0.13128880237859578,7.438975590236095
-0.506839347668655,7.442977190876351
-0.18711351430004797,7.446978791516607
-0.29999007768896835,7.450980392156863
0.6539280567444856,7.454981992797119
1.098835611244507,7.458983593437376
0.9319450341528642,7.462985194077631
-0.24654343939489926,7.466986794717887
0.49722439012677117,7.470988395358144
-1.2506056839942787,7.4749899959984
-0.9930484576667424,7.4789915966386555
-1.4509065380346442,7.482993197278912
-1.4066273326307255,7.486994797919168
-1.6506675163464333,7.490996398559424
-0.4235729978747609,7.49499799919968
-0.24169863556900759,7.498999599839936
0.08532677750612966,7.503001200480193
1.8225641882611523,7.507002801120448
1.5541796861438977,7.5110044017607045
1.5157113747063398,7.515006002400961
1.5974363868113133,7.519007603041217
1.3039692632394466,7.523009203681473
0.5674541176696624,7.527010804321729
0.09663830340569762,7.531012404961985
-0.787848143544851,7.535014005602241
-0.182865339811704,7.539015606242497
-0.5882858114439571,7.5430172068827535
-0.34439138411356873,7.54701880752301
0.05968003038768893,7.551020408163265
0.6467402909353109,7.555022008803522
0.03124223295784012,7.559023609443778
0.3556883202872622,7.563025210084034
0.1042204065390189,7.56702681072429
-1.1088400874036028,7.571028411364546
-0.850798405389541,7.575030012004802
-1.927420305922459,7.579031612645059
-1.7424154365548994,7.583033213285314
-0.9510041171808097,7.5870348139255706
-2.019970544378216,7.591036414565827
-0.42749118568964173,7.595038015206082
0.22781784939538002,7.599039615846339
0.690711192401692,7.603041216486595
0.9253803638048088,7.607042817126851
0.8828523532167495,7.611044417767107
1.7480219726745068,7.615046018407363
0.8445234877775536,7.6190476190476195
1.026184032654231,7.623049219687876
0.6397726390875603,7.627050820328131
1.6927745529189848,7.631052420968388
1.0693010230677578,7.635054021608644
-1.098105313807785,7.6390556222488994
-0.7240534662001135,7.643057222889156
0.87924750153224,7.647058823529412
1.1251786654919123,7.6510604241696685
0.9443515997482772,7.655062024809924
0.3220419843332801,7.65906362545018
0.6267730368963333,7.663065226090437
-0.28109327051052324,7.667066826730693
-0.9783508864701151,7.671068427370948
-1.1279741239174725,7.675070028011205
-1.8041343500960743,7.679071628651461
-1.942654151130686,7.6830732292917165
-1.3515854584422664,7.687074829931973
-0.8997648313635876,7.691076430572229
-0.5783838408148683,7.695078031212486
-0.857717999621286,7.699079631852741
0.7341527935391419,7.703081232492997
0.7814298403557003,7.707082833133254
1.7095814961687226,7.71108443377351
2.187782667912764,7.7150860344137655
0.6811129716538489,7.719087635054022
1.885009196797783,7.723089235694278
-0.4184630976126127,7.7270908363345345
0.5668405601322773,7.73109243697479
0.07028136787896072,7.735094037615046
-1.2260027954023318,7.739095638255303
-0.4307597365786018,7.743097238895558
-0.0946660842740077,7.7470988395358145
-0.14873778510316654,7.751100440176071
0.09461474071361295,7.755102040816327
0.04873860260747187,7.759103641456583
0.23630020405625599,7.763105242096839
0.04522348955585519,7.767106842737095
-0.7250718742727782,7.771108443377352
-0.2736527078292509,7.775110044017607
-0.8331093852560678,7.779111644657863
-2.412846496297011,7.78311324529812
-0.8326055046500761,7.787114845938375
-1.3085065338659667,7.791116446578632
-0.7711817287127418,7.795118047218888
0.0264201745102447,7.799119647859144
1.8494281052356039,7.8031212484994
0.927717898409815,7.807122849139656
1.6317045290858072,7.811124449779912
0.8609406209684785,7.815126050420169
2.4958907004349253,7.819127651060424
0.9302857587921457,7.8231292517006805
1.3163829686889095,7.827130852340937
0.8226394709013274,7.831132452981193
-0.0631668829684781,7.835134053621449
-0.48062701597520796,7.839135654261705
1.0028713313499718,7.843137254901961
-0.6658782681001679,7.847138855542217
0.26681766939464124,7.851140456182473
0.5900563061294968,7.8551420568227295
0.11583718242535779,7.859143657462986
0.19027485558353693,7.863145258103241
0.32488870336320486,7.867146858743498
0.30506480570362515,7.871148459383754
-0.45922503836973383,7.87515006002401
-0.7533525668948696,7.879151660664266
-1.864604757313515,7.883153261304522
-1.8947248795981046,7.887154861944778
-1.3494872602031298,7.891156462585034
-1.6727725685351444,7.89515806322529
0.8937464650917973,7.899159663865547
0.49242166870930576,7.903161264505803
0.34191342749300924,7.907162865146058
2.519746062793309,7.911164465786315
0.9733089492901615,7.915166066426571
1.7191804920426743,7.919167667066827
2.1103729414986714,7.923169267707083
1.4381727356076337,7.927170868347339
0.6848532404563336,7.9311724689875955
0.1543275722985522,7.935174069627852
-0.24206386493013127,7.939175670268107
-0.2651648102044521,7.943177270908364
-0.01822145050980231,7.94717887154862
0.5202565384128185,7.9511804721888755
0.9375926788031073,7.955182072829132
0.5313254807648555,7.959183673469388
0.6841912526625811,7.9631852741096445
0.0221747110459259,7.9671868747499
-0.47813605758932404,7.971188475390156
-1.221592302925164,7.975190076030413
-1.9581592126307197,7.979191676670669
-1.024109230476298,7.983193277310924
-1.3228207843261441,7.987194877951181
-0.567333658566089,7.991196478591437
-0.5200521147104519,7.995198079231693
-0.5272751085023715,7.999199679871949
0.58241276790981,8.003201280512204
1.8269457769151916,8.00720288115246
1.6109132887891546,8.011204481792717
2.2201534422596954,8.015206082432973
1.5248809800118823,8.01920768307323
0.8470728027662133,8.023209283713486
1.8434476075115234,8.027210884353742
0.02872963820446406,8.031212484993999
0.5624057608265568,8.035214085634253
-0.7074819839419012,8.03921568627451
0.35345380853553093,8.043217286914766
-0.12429918418471239,8.047218887555022
0.9449400344121932,8.051220488195279
0.9949425058032064,8.055222088835535
-0.6574640709750025,8.059223689475791
0.13959636618425406,8.063225290116046
0.34386455082686646,8.067226890756302
-1.0144617088872585,8.071228491396559
-0.10605483940308724,8.075230092036815
-1.0865831388389784,8.079231692677071
-1.2984082020235752,8.083233293317328
-1.7805993996640692,8.087234893957584
-2.1937168110677905,8.09123649459784
-0.6926360209248175,8.095238095238095
0.4047545023369259,8.099239695878351
1.3356080067319431,8.103241296518608
2.1659601598103273,8.107242897158864
1.6562030026455428,8.11124449779912
1.8911483726038596,8.115246098439377
1.5301036025148607,8.119247699079633
1.6886447573968728,8.123249299719888
0.8575618490446534,8.127250900360144
1.0116169008236107,8.1312525010004
0.06313979775376144,8.135254101640657
0.1309137299852297,8.139255702280913
0.1448405848218543,8.14325730292117
-0.10004354434545165,8.147258903561426
-0.6062917047884843,8.15126050420168
0.9138966953448706,8.155262104841936
0.28606128215022936,8.159263705482193
0.08000198156457952,8.16326530612245
0.49849382837224687,8.167266906762706
0.4732030543093503,8.171268507402962
-2.290027786024682,8.175270108043218
-1.2368536484359143,8.179271708683475
-1.7607719063384062,8.183273309323729
-2.1097778284601665,8.187274909963985
-1.0613091550711415,8.191276510604242
-1.1649321076674308,8.195278111244498
0.15206343187489618,8.199279711884754
0.7259290116235474,8.20328131252501
0.3206524321319971,8.207282913165267
2.65479738476889,8.211284513805522
2.123705810714947,8.215286114445778
1.572371246711654,8.219287715086034
1.5305693822959314,8.22328931572629
0.38099665197925014,8.227290916366547
1.1793859448258281,8.231292517006803
-0.6286222495063942,8.23529411764706
-0.9799299318537977,8.239295718287316
-0.2992372445705761,8.24329731892757
-0.18879182497886943,8.247298919567827
0.36165257258022365,8.251300520208083
-0.18536582386131656,8.25530212084834
0.02145249103670105,8.259303721488596
0.5734556463955818,8.263305322128852
-0.32560278237715806,8.267306922769109
0.8207736158871203,8.271308523409363
-1.5972052208000291,8.27531012404962
-0.5914903687083204,8.279311724689876
-2.1564552215176294,8.283313325330132
-2.3360188733044334,8.287314925970389
-1.478932833971455,8.291316526610645
-1.296733884970286,8.295318127250901
-0.6529925844030318,8.299319727891156
0.9259399090008869,8.303321328531412
1.1200504014481463,8.307322929171669
2.2715648957730736,8.311324529811925
1.8511840028293913,8.315326130452181
1.3612924469438539,8.319327731092438
0.6705095302614706,8.323329331732694
1.481812455613043,8.32733093237295
-1.126371977257604,8.331332533013205
1.02445711940949,8.335334133653461
-0.35299590205303705,8.339335734293718
-0.032962795988576266,8.343337334933974
-0.2999084191597501,8.34733893557423
0.13971498073221042,8.351340536214487
0.5468732969570165,8.355342136854743
1.0418585105851532,8.359343737494997
-0.5370007657746481,8.363345338135254
0.302576531478684,8.36734693877551
-0.2725245490120031,8.371348539415767
-1.211851967584691,8.375350140056023
-1.6315158804109113,8.37935174069628
-1.1515139059891892,8.383353341336536
-1.581152938633935,8.387354941976792
-1.4160866206427227,8.391356542617046
-0.7104461528913726,8.395358143257303
0.5907145049200642,8.39935974389756
1.148751887901097,8.403361344537815
1.1714511248669088,8.407362945178072
0.9348858397652628,8.411364545818328
1.6018772341311465,8.415366146458584
1.2590762501530688,8.419367747098839
1.527103962976409,8.423369347739095
-0.003585381240404417,8.427370948379352
0.4112116291615413,8.431372549019608
0.09993466972084669,8.435374149659864
-0.041079461383225546,8.43937575030012
0.05086657380456189,8.443377350940377
-0.48201869388744367,8.447378951580633
-1.3276366298055953,8.451380552220888
0.4554263053059292,8.455382152861144
-0.11658349525947859,8.4593837535014
0.2372965548228082,8.463385354141657
-0.5901493289592872,8.467386954781913
-0.29581534938176157,8.47138855542217
-0.218080081333896,8.475390156062426
-0.5062234090369105,8.47939175670268
-0.9921872642298026,8.483393357342937
-1.5892421677304083,8.487394957983193
-1.1278832245072339,8.49139655862345
-1.0326081412773702,8.495398159263706
-0.06154510562241915,8.499399759903962
0.8079353105630755,8.503401360544219
1.3358941302855487,8.507402961184473
1.3559268045833397,8.51140456182473
0.9432679685450202,8.515406162464986
1.3959191149131722,8.519407763105242
0.3934919847282454,8.523409363745499
1.3040767505577084,8.527410964385755
0.43237148081621235,8.531412565026011
0.3269052334478561,8.535414165666268
-0.056517539328515276,8.539415766306522
-0.47854517123497087,8.543417366946779
-0.7984318560099404,8.547418967587035
-0.002057136025616871,8.551420568227291
0.6739224690596858,8.555422168867548
0.8943893337147795,8.559423769507804
0.5336456218322936,8.56342537014806
-0.16211623275291115,8.567426970788315
-0.313461011551329,8.571428571428571
-0.7789362468045408,8.575430172068828
-0.6110461200089344,8.579431772709084
-1.6344753233480709,8.58343337334934
-1.9467039408285074,8.587434973989597
-1.357832470441726,8.591436574629853
-0.6191353557044179,8.59543817527011
-0.15343226150193712,8.599439775910364
-0.7869772865936222,8.60344137655062
0.5931647600362169,8.607442977190876
1.779766500803393,8.611444577831133
1.3541638411571433,8.61544617847139
1.5893900988025356,8.619447779111646
1.1419320132972002,8.623449379751902
0.11146632090122877,8.627450980392156
0.7864706360458127,8.631452581032413
-0.28857729684600497,8.635454181672669
-0.4380776416594112,8.639455782312925
-0.5722137699814347,8.643457382953182
0.2813862382283234,8.647458983593438
0.24214808132266222,8.651460584233694
-0.34659561956646967,8.65546218487395
0.736296490314319,8.659463785514205
-0.18893000549291616,8.663465386154462
0.47956955071087026,8.667466986794718
-0.42504970581252904,8.671468587434974
-1.2089618378592697,8.67547018807523
-0.7259873414269195,8.679471788715487
-1.8198927928240356,8.683473389355743
-2.274453748664027,8.687474989995998
-1.196796174932312,8.691476590636254
-1.057531298124304,8.69547819127651
-0.7179708727047304,8.699479791916767
-0.034476238340229504,8.703481392557023
1.200218000997243,8.70748299319728
1.2485242355974455,8.711484593837536
1.8311024285445612,8.71548619447779
1.343817484994902,8.719487795118047
1.4530650640503002,8.723489395758303
-0.09292016603805298,8.72749099639856
1.263183229159328,8.731492597038816
-0.5771816566314771,8.735494197679072
-0.7107265146486086,8.739495798319329
-0.4705041868950357,8.743497398959585
-0.03375931000021988,8.74749899959984
0.1587270967884267,8.751500600240096
0.03815889903533459,8.755502200880352
0.7384189983246819,8.759503801520609
0.6201513321739398,8.763505402160865
0.18997670269940098,8.767507002801121
-1.6613904377079254,8.771508603441378
-0.942149686359969,8.775510204081632
-1.0839933313159165,8.779511804721889
-1.8037252782990132,8.783513405362145
-1.5577426570267994,8.787515006002401
-1.0788604059576006,8.791516606642658
-1.1414691134816597,8.795518207282914
0.003440099894988252,8.79951980792317
0.9295310486749154,8.803521408563427
1.347508688632661,8.807523009203681
2.1894666897356876,8.811524609843937
2.985317319457245,8.815526210484194
2.0075321812972393,8.81952781112445
0.16272980735532339,8.823529411764707
0.7772596938976236,8.827531012404963
0.18299253063111898,8.83153261304522
0.2660295603032014,8.835534213685474
0.20795622326204655,8.83953581432573
0.32824442309092844,8.843537414965986
-0.7258604858346484,8.847539015606243
0.4760438715871621,8.8515406162465
0.017209642378772372,8.855542216886755
1.0536859611158733,8.859543817527012
0.6680348005247955,8.863545418167266
-0.3805210084344795,8.867547018807523
-0.003170780087619174,8.871548619447779
-2.2340548882783287,8.875550220088035
-1.8572567455902977,8.879551820728292
-2.0648241717295965,8.883553421368548
-1.8861534137376088,8.887555022008804
-1.3778955983918302,8.89155662264906
-0.726378276074965,8.895558223289315
0.12862665312943142,8.899559823929572
0.34409591254057675,8.903561424569828
0.6457937970506262,8.907563025210084
1.0906871686527984,8.91156462585034
2.0055297504597016,8.915566226490597
1.9723452601305533,8.919567827130853
0.928332884473053,8.923569427771108
0.5578578832844548,8.927571028411364
0.3510222663951047,8.93157262905162
0.2873521849520427,8.935574229691877
-0.2907803924030663,8.939575830332133
-0.40185018927392724,8.94357743097239
-0.06152526036354766,8.947579031612646
0.010151268279457656,8.951580632252902
-0.017628647251298035,8.955582232893157
0.0755630965254297,8.959583833533413
0.29616161453030404,8.96358543417367
-0.7675224067589358,8.967587034813926
-0.4734688536315795,8.971588635454182
-1.459559883110852,8.975590236094439
-1.185123502545792,8.979591836734695
-2.6289460939972993,8.98359343737495
-1.2547831014168134,8.987595038015206
-1.0302206843464337,8.991596638655462
-0.9838185691746141,8.995598239295719
-0.793803887434661,8.999599839935975
1.9112258385859684,9.003601440576231
1.9687536376044386,9.007603041216488
1.8751997189734688,9.011604641856744
2.224773482365949,9.015606242496998
0.9851085712057223,9.019607843137255
0.6947354140761381,9.023609443777511
0.1809429230023038,9.027611044417768
0.5551892679230404,9.031612645058024
0.5224351748112009,9.03561424569828
0.20846873093740081,9.039615846338537
-1.4779722674462543,9.043617446978791
-0.9869466148320807,9.047619047619047
-0.5592587465722441,9.051620648259304
-0.4101744655517256,9.05562224889956
1.201587130387927,9.059623849539816
0.2952564466998495,9.063625450180073
-0.3060847684625728,9.06762705082033
-0.5933194318883069,9.071628651460584
-1.0869167918011395,9.07563025210084
-1.3262194941758296,9.079631852741096
-1.4482948666245972,9.083633453381353
-3.0422790224846166,9.087635054021609
-1.0071764005895603,9.091636654661865
-0.707860785749269,9.095638255302122
-1.2424794852375016,9.099639855942378
0.14750490056825727,9.103641456582633
2.259623116779101,9.107643057222889
1.7314466201066607,9.111644657863145
1.751701423874667,9.115646258503402
1.9423403384915965,9.119647859143658
0.7008896580779965,9.123649459783914
0.7508203227529555,9.12765106042417
0.3537845951882187,9.131652661064425
0.19542597793995997,9.135654261704682
0.19496989125780417,9.139655862344938
0.008776252418309372,9.143657462985194
0.40292483589780204,9.14765906362545
0.2248463632035928,9.151660664265707
1.4962286810293604,9.155662264905963
-0.18609925007794115,9.15966386554622
0.18680763298054373,9.163665466186474
-0.3600458053866326,9.16766706682673
-0.6982295926825735,9.171668667466987
-1.3289604663024899,9.175670268107243
-1.0736161882458173,9.1796718687475
-1.9965369944882871,9.183673469387756
-2.382823422362312,9.187675070028012
-1.099971596577881,9.191676670668267
-1.2703294060395747,9.195678271308523
0.4347319474888385,9.19967987194878
1.2500143276052953,9.203681472589036
0.5771861918571161,9.207683073229292
2.519415934827036,9.211684673869549
2.0177021934431836,9.215686274509805
1.793795580364805,9.219687875150061
1.0055082618278133,9.223689475790316
0.9367958345115228,9.227691076430572
0.10767771812698444,9.231692677070829
-0.6351288213694293,9.235694277711085
0.35557898329140114,9.239695878351341
-1.008555875130534,9.243697478991598
0.09181690480254512,9.247699079631854
0.1075284990009602,9.251700680272108
-0.10031213664092614,9.255702280912365
0.5773233571060772,9.259703881552621
-0.021309538282391127,9.263705482192877
-0.09353999143378666,9.267707082833134
-0.5722875617456704,9.27170868347339
-0.8827482358846777,9.275710284113647
-1.642517862983876,9.279711884753901
-1.4240891794166297,9.283713485394157
-2.208984746443897,9.287715086034414
-1.092151161329401,9.29171668667467
-0.8134014349012253,9.295718287314926
-0.010308118664352488,9.299719887955183
0.14835840816981927,9.30372148859544
1.2437793849579875,9.307723089235695
2.724611800714735,9.31172468987595
1.4002641295593083,9.315726290516206
1.3329397076846914,9.319727891156463
1.7193332474182916,9.323729491796719
0.1084884012028774,9.327731092436975
-0.6965489741066967,9.331732693077232
0.8757913486069858,9.335734293717488
0.0871968679789068,9.339735894357743
0.23045325287319446,9.343737494997999
0.3346056990442058,9.347739095638255
0.34144950100714416,9.351740696278512
0.6823724967406241,9.355742296918768
1.9165085363964023,9.359743897559024
0.022741251990892553,9.36374549819928
-0.46340037206717505,9.367747098839537
-0.3261385007478798,9.371748699479792
-0.7199878995022628,9.375750300120048
-1.870582693284935,9.379751900760304
-2.276071498855163,9.38375350140056
-2.3734301982181196,9.387755102040817
-0.6446023418071551,9.391756702681073
-0.5621216333867642,9.39575830332133
0.7470903882452845,9.399759903961584
0.7327653296603388,9.40376150460184
1.466647383273393,9.407763105242097
1.89804414567258,9.411764705882353
1.5054116609883252,9.41576630652261
2.254762576750861,9.419767907162866
0.8412037940358683,9.423769507803122
0.7685865905385243,9.427771108443377
-0.5315251419727661,9.431772709083633
-0.3462134167228542,9.43577430972389
0.3870880403464283,9.439775910364146
-0.8465921583101995,9.443777511004402
-0.4460965457698264,9.447779111644659
-0.21668200989506692,9.451780712284915
-0.9063728397364067,9.455782312925171
1.0504938688000458,9.459783913565426
-0.30293138404444087,9.463785514205682
-0.3864657196628246,9.467787114845938
-0.5343097306649431,9.471788715486195
-1.4793304795732987,9.475790316126451
-1.972647517753944,9.479791916766708
-1.1211152826750497,9.483793517406964
-1.930467335466163,9.487795118047218
-1.4212677954857984,9.491796718687475
-0.6926443430364215,9.495798319327731
0.39416255952720997,9.499799919967987
0.28588881580225906,9.503801520608244
1.4268435089328775,9.5078031212485
1.6282877835279068,9.511804721888756
1.5867500176968847,9.515806322529013
2.0051716846203784,9.519807923169267
1.3679454032783962,9.523809523809524
0.43726997502063525,9.52781112444978
1.4932548175821867,9.531812725090036
0.019128704988953527,9.535814325730293
0.1488047581030466,9.539815926370549
0.1361081828257389,9.543817527010805
-0.2412433316457248,9.54781912765106
0.2028798713123054,9.551820728291316
-0.24105406873532848,9.555822328931573
0.7511321943041052,9.559823929571829
0.8990404150319965,9.563825530212085
-0.39572880743038347,9.567827130852342
-0.4745838039312982,9.571828731492598
-0.5056270233818199,9.575830332132854
-1.5725755794634801,9.579831932773109
-1.123142949622764,9.583833533413365
-1.234743930773469,9.587835134053622
-1.9729658776989298,9.591836734693878
-1.2790366220076046,9.595838335334134
-0.12826706681086908,9.59983993597439
1.071669961955391,9.603841536614647
1.7081687849897411,9.607843137254902
1.5019409714524075,9.611844737895158
2.397132287920809,9.615846338535414
2.7400677606713586,9.61984793917567
1.323613965210053,9.623849539815927
0.6138728219367894,9.627851140456183
0.7053724932225246,9.63185274109644
0.2715612591756789,9.635854341736694
-0.8388532081717361,9.63985594237695
-0.6646388533092109,9.643857543017207
-0.7208982128498749,9.647859143657463
-0.22338299491545321,9.65186074429772
0.6541016750043058,9.655862344937976
1.0926105809359914,9.659863945578232
0.8954051220002981,9.663865546218489
1.1520540460722342,9.667867146858743
-1.6408275941048234,9.671868747499
-0.5377647352822088,9.675870348139256
-1.2098064431811804,9.679871948779512
-2.780097291251182,9.683873549419769
-2.010424897087721,9.687875150060025
-0.9098073079154012,9.691876750700281
-0.9082581925536941,9.695878351340536
-0.11007135083847942,9.699879951980792
0.15105386315451663,9.703881552621048
2.1799500563875522,9.707883153261305
1.2604392303558296,9.711884753901561
1.9959428362381335,9.715886354541817
1.8966951717789486,9.719887955182074
1.5995671930962694,9.72388955582233
0.821717439505515,9.727891156462585
0.03323192945488708,9.731892757102841
0.5836257845831264,9.735894357743097
-0.3152564271841175,9.739895958383354
0.2684375660746099,9.74389755902361
-1.196299966918136,9.747899159663866
0.029960269599602768,9.751900760304123
-0.15935096162232176,9.755902360944377
0.17771167913551789,9.759903961584634
-0.3478916801669474,9.76390556222489
0.13303595478690666,9.767907162865146
-0.004616095737314918,9.771908763505403
-1.6997477163864163,9.775910364145659
-2.077750933886287,9.779911964785915
-1.8110165473792845,9.78391356542617
-2.3067018038320324,9.787915166066426
-0.6197123168165467,9.791916766706683
-0.7721419603562549,9.795918367346939
-0.5882692206197777,9.799919967987195
0.7218831425304125,9.803921568627452
1.3622044710041543,9.807923169267708
1.2531389419780332,9.811924769907964
2.206265053167273,9.815926370548219
1.6524655177838985,9.819927971188475
1.8151197317120948,9.823929571828732
0.808070572877069,9.827931172468988
0.7266264379640424,9.831932773109244
0.7048249211351991,9.8359343737495
-0.4243284440558095,9.839935974389757
-0.8389981861559171,9.843937575030012
0.11842256165115089,9.847939175670268
0.18298997620889149,9.851940776310524
0.6284672235697,9.85594237695078
-0.4470360699616114,9.859943977591037
1.0219764407113772,9.863945578231293
-0.1173411594002445,9.86794717887155
-0.9103888552710182,9.871948779511806
-1.574215563858909,9.87595038015206
-2.4872938522460366,9.879951980792317
-1.2070952538345847,9.883953581432573
-1.871656062635549,9.88795518207283
-0.8700922625527318,9.891956782713086
-0.604251531433071,9.895958383353342
-0.49004528872862174,9.899959983993599
0.9870396782759536,9.903961584633853
1.1153046712256687,9.90796318527411
1.2442295461413533,9.911964785914366
0.4165992223620305,9.915966386554622
1.7313827619212017,9.919967987194878
1.7435073474758118,9.923969587835135
0.17602849255451725,9.927971188475391
-0.11865004800336187,9.931972789115648
0.18591745895485012,9.935974389755902
-0.3373946907391361,9.939975990396158
-0.9434892538779741,9.943977591036415
-0.2631912138996537,9.947979191676671
-0.09002833895731929,9.951980792316927
0.3376004669644159,9.955982392957184
0.4244260530953772,9.95998399359744
0.4226305422973442,9.963985594237695
-0.5522930396120387,9.967987194877951
-0.38472804057998056,9.971988795518207
-0.5231657154879295,9.975990396158464
-1.9501809710540239,9.97999199679872
-1.2344212667097882,9.983993597438976
-1.3203684122337054,9.987995198079233
-0.7703690817678113,9.991996798719487
-0.7638877932918814,9.995998399359744
-0.39075483845274206,10.0
